subreddit,partition,T,frequency_at_T,survivor_count_ge,denominator,survival_probability_ge
r/Conspiracy,training,1,1404,9116,9116,1
r/Conspiracy,training,2,732,7712,9116,0.84598508117595439
r/Conspiracy,training,3,590,6980,9116,0.76568670469504163
r/Conspiracy,training,4,495,6390,9116,0.70096533567354102
r/Conspiracy,training,5,429,5895,9116,0.64666520403685823
r/Conspiracy,training,6,379,5466,9116,0.59960508995173323
r/Conspiracy,training,7,315,5087,9116,0.55802983764809122
r/Conspiracy,training,8,294,4772,9116,0.52347520842474771
r/Conspiracy,training,9,248,4478,9116,0.49122422114962705
r/Conspiracy,training,10,249,4230,9116,0.4640193067134708
r/Conspiracy,training,11,213,3981,9116,0.43670469504168496
r/Conspiracy,training,12,195,3768,9116,0.4133391838525669
r/Conspiracy,training,13,195,3573,9116,0.39194822290478282
r/Conspiracy,training,14,152,3378,9116,0.37055726195699867
r/Conspiracy,training,15,161,3226,9116,0.35388328214129006
r/Conspiracy,training,16,143,3065,9116,0.33622202720491445
r/Conspiracy,training,17,122,2922,9116,0.32053532250987277
r/Conspiracy,training,18,119,2800,9116,0.30715225976305399
r/Conspiracy,training,19,126,2681,9116,0.29409828872312416
r/Conspiracy,training,20,100,2555,9116,0.28027643703378674
r/Conspiracy,training,21,102,2455,9116,0.26930671347082052
r/Conspiracy,training,22,93,2353,9116,0.25811759543659502
r/Conspiracy,training,23,82,2260,9116,0.24791575252303641
r/Conspiracy,training,24,85,2178,9116,0.23892057920140414
r/Conspiracy,training,25,80,2093,9116,0.22959631417288284
r/Conspiracy,training,26,75,2013,9116,0.22082053532250986
r/Conspiracy,training,27,55,1938,9116,0.2125932426502852
r/Conspiracy,training,28,64,1883,9116,0.20655989469065381
r/Conspiracy,training,29,55,1819,9116,0.19953927161035542
r/Conspiracy,training,30,63,1764,9116,0.193505923650724
r/Conspiracy,training,31,43,1701,9116,0.18659499780605529
r/Conspiracy,training,32,49,1658,9116,0.18187801667397982
r/Conspiracy,training,33,38,1609,9116,0.17650285212812636
r/Conspiracy,training,34,37,1571,9116,0.1723343571741992
r/Conspiracy,training,35,49,1534,9116,0.16827555945590172
r/Conspiracy,training,36,43,1485,9116,0.16290039491004826
r/Conspiracy,training,37,31,1442,9116,0.15818341377797279
r/Conspiracy,training,38,33,1411,9116,0.15478279947345328
r/Conspiracy,training,39,35,1378,9116,0.15116279069767441
r/Conspiracy,training,40,26,1343,9116,0.14732338745063625
r/Conspiracy,training,41,31,1317,9116,0.14447125932426502
r/Conspiracy,training,42,24,1286,9116,0.14107064501974551
r/Conspiracy,training,43,38,1262,9116,0.1384379113646336
r/Conspiracy,training,44,26,1224,9116,0.13426941641070644
r/Conspiracy,training,45,25,1198,9116,0.13141728828433524
r/Conspiracy,training,46,25,1173,9116,0.12867485739359369
r/Conspiracy,training,47,26,1148,9116,0.12593242650285214
r/Conspiracy,training,48,22,1122,9116,0.12308029837648091
r/Conspiracy,training,49,17,1100,9116,0.12066695919262835
r/Conspiracy,training,50,20,1083,9116,0.11880210618692409
r/Conspiracy,training,51,22,1063,9116,0.11660816147433084
r/Conspiracy,training,52,23,1041,9116,0.11419482229047828
r/Conspiracy,training,53,23,1018,9116,0.11167178587099605
r/Conspiracy,training,54,11,995,9116,0.10914874945151382
r/Conspiracy,training,55,15,984,9116,0.10794207985958754
r/Conspiracy,training,56,10,969,9116,0.1062966213251426
r/Conspiracy,training,57,12,959,9116,0.10519964896884598
r/Conspiracy,training,58,14,947,9116,0.10388328214129004
r/Conspiracy,training,59,15,933,9116,0.10234752084247477
r/Conspiracy,training,60,25,918,9116,0.10070206230802983
r/Conspiracy,training,61,14,893,9116,0.097959631417288279
r/Conspiracy,training,62,14,879,9116,0.096423870118473018
r/Conspiracy,training,63,21,865,9116,0.094888108819657743
r/Conspiracy,training,64,11,844,9116,0.092584466871434845
r/Conspiracy,training,65,9,833,9116,0.091377797279508552
r/Conspiracy,training,66,7,824,9116,0.090390522158841594
r/Conspiracy,training,67,21,817,9116,0.089622641509433956
r/Conspiracy,training,68,6,796,9116,0.087318999561211058
r/Conspiracy,training,69,10,790,9116,0.086660816147433081
r/Conspiracy,training,70,11,780,9116,0.085563843791136462
r/Conspiracy,training,71,14,769,9116,0.084357174199210183
r/Conspiracy,training,72,7,755,9116,0.082821412900394908
r/Conspiracy,training,73,11,748,9116,0.082053532250987271
r/Conspiracy,training,74,4,737,9116,0.080846862659060992
r/Conspiracy,training,75,13,733,9116,0.08040807371654235
r/Conspiracy,training,76,6,720,9116,0.078982009653356736
r/Conspiracy,training,77,6,714,9116,0.078323826239578759
r/Conspiracy,training,78,7,708,9116,0.077665642825800796
r/Conspiracy,training,79,8,701,9116,0.076897762176393158
r/Conspiracy,training,80,7,693,9116,0.076020184291355861
r/Conspiracy,training,81,9,686,9116,0.075252303641948223
r/Conspiracy,training,82,9,677,9116,0.074265028521281265
r/Conspiracy,training,83,6,668,9116,0.073277753400614307
r/Conspiracy,training,84,2,662,9116,0.07261956998683633
r/Conspiracy,training,85,6,660,9116,0.072400175515577009
r/Conspiracy,training,86,6,654,9116,0.071741992101799032
r/Conspiracy,training,87,6,648,9116,0.071083808688021055
r/Conspiracy,training,88,6,642,9116,0.070425625274243092
r/Conspiracy,training,89,6,636,9116,0.069767441860465115
r/Conspiracy,training,90,5,630,9116,0.069109258446687138
r/Conspiracy,training,91,6,625,9116,0.068560772268538836
r/Conspiracy,training,92,8,619,9116,0.067902588854760859
r/Conspiracy,training,93,5,611,9116,0.067025010969723561
r/Conspiracy,training,94,5,606,9116,0.066476524791575259
r/Conspiracy,training,95,5,601,9116,0.065928038613426942
r/Conspiracy,training,96,6,596,9116,0.065379552435278626
r/Conspiracy,training,97,2,590,9116,0.064721369021500663
r/Conspiracy,training,98,6,588,9116,0.064501974550241328
r/Conspiracy,training,99,7,582,9116,0.063843791136463365
r/Conspiracy,training,100,4,575,9116,0.063075910487055728
r/Conspiracy,training,101,5,571,9116,0.062637121544537072
r/Conspiracy,training,102,5,566,9116,0.06208863536638877
r/Conspiracy,training,103,3,561,9116,0.061540149188240453
r/Conspiracy,training,104,4,558,9116,0.061211057481351472
r/Conspiracy,training,105,4,554,9116,0.060772268538832823
r/Conspiracy,training,106,9,550,9116,0.060333479596314174
r/Conspiracy,training,107,4,541,9116,0.059346204475647216
r/Conspiracy,training,108,2,537,9116,0.058907415533128567
r/Conspiracy,training,109,8,535,9116,0.058688021061869239
r/Conspiracy,training,110,3,527,9116,0.057810443176831941
r/Conspiracy,training,111,9,524,9116,0.05748135146994296
r/Conspiracy,training,112,5,515,9116,0.056494076349276001
r/Conspiracy,training,113,5,510,9116,0.055945590171127685
r/Conspiracy,training,114,3,505,9116,0.055397103992979375
r/Conspiracy,training,115,3,502,9116,0.055068012286090394
r/Conspiracy,training,116,2,499,9116,0.054738920579201406
r/Conspiracy,training,117,1,497,9116,0.054519526107942078
r/Conspiracy,training,118,6,496,9116,0.054409828872312417
r/Conspiracy,training,119,5,490,9116,0.053751645458534447
r/Conspiracy,training,120,5,485,9116,0.053203159280386131
r/Conspiracy,training,121,3,480,9116,0.052654673102237821
r/Conspiracy,training,122,2,477,9116,0.05232558139534884
r/Conspiracy,training,123,1,475,9116,0.052106186924089512
r/Conspiracy,training,124,5,474,9116,0.051996489688459852
r/Conspiracy,training,125,6,469,9116,0.051448003510311542
r/Conspiracy,training,126,6,463,9116,0.050789820096533565
r/Conspiracy,training,127,2,457,9116,0.050131636682755595
r/Conspiracy,training,128,4,455,9116,0.049912242211496267
r/Conspiracy,training,129,3,451,9116,0.049473453268977619
r/Conspiracy,training,130,3,448,9116,0.049144361562088637
r/Conspiracy,training,132,4,445,9116,0.048815269855199649
r/Conspiracy,training,133,6,441,9116,0.048376480912681
r/Conspiracy,training,134,3,435,9116,0.04771829749890303
r/Conspiracy,training,135,5,432,9116,0.047389205792014041
r/Conspiracy,training,136,2,427,9116,0.046840719613865732
r/Conspiracy,training,137,1,425,9116,0.046621325142606404
r/Conspiracy,training,138,4,424,9116,0.046511627906976744
r/Conspiracy,training,139,2,420,9116,0.046072838964458095
r/Conspiracy,training,140,1,418,9116,0.045853444493198774
r/Conspiracy,training,141,1,417,9116,0.045743747257569106
r/Conspiracy,training,142,1,416,9116,0.045634050021939446
r/Conspiracy,training,143,2,415,9116,0.045524352786309785
r/Conspiracy,training,144,6,413,9116,0.045304958315050457
r/Conspiracy,training,145,3,407,9116,0.044646774901272487
r/Conspiracy,training,146,4,404,9116,0.044317683194383499
r/Conspiracy,training,147,4,400,9116,0.04387889425186485
r/Conspiracy,training,148,1,396,9116,0.043440105309346201
r/Conspiracy,training,149,3,395,9116,0.043330408073716541
r/Conspiracy,training,150,1,392,9116,0.043001316366827559
r/Conspiracy,training,151,1,391,9116,0.042891619131197892
r/Conspiracy,training,152,1,390,9116,0.042781921895568231
r/Conspiracy,training,153,2,389,9116,0.042672224659938571
r/Conspiracy,training,155,2,387,9116,0.042452830188679243
r/Conspiracy,training,157,2,385,9116,0.042233435717419922
r/Conspiracy,training,159,1,383,9116,0.042014041246160594
r/Conspiracy,training,160,2,382,9116,0.041904344010530933
r/Conspiracy,training,161,2,380,9116,0.041684949539271612
r/Conspiracy,training,162,4,378,9116,0.041465555068012284
r/Conspiracy,training,163,2,374,9116,0.041026766125493636
r/Conspiracy,training,165,2,372,9116,0.040807371654234315
r/Conspiracy,training,166,2,370,9116,0.040587977182974987
r/Conspiracy,training,167,1,368,9116,0.040368582711715666
r/Conspiracy,training,168,2,367,9116,0.040258885476086005
r/Conspiracy,training,169,2,365,9116,0.040039491004826677
r/Conspiracy,training,170,1,363,9116,0.039820096533567356
r/Conspiracy,training,171,2,362,9116,0.039710399297937689
r/Conspiracy,training,172,3,360,9116,0.039491004826678368
r/Conspiracy,training,173,1,357,9116,0.039161913119789379
r/Conspiracy,training,174,2,356,9116,0.039052215884159719
r/Conspiracy,training,175,2,354,9116,0.038832821412900398
r/Conspiracy,training,176,4,352,9116,0.03861342694164107
r/Conspiracy,training,177,2,348,9116,0.038174637999122421
r/Conspiracy,training,178,3,346,9116,0.0379552435278631
r/Conspiracy,training,179,3,343,9116,0.037626151820974112
r/Conspiracy,training,180,1,340,9116,0.037297060114085123
r/Conspiracy,training,181,2,339,9116,0.037187362878455463
r/Conspiracy,training,182,2,337,9116,0.036967968407196142
r/Conspiracy,training,183,2,335,9116,0.036748573935936814
r/Conspiracy,training,184,3,333,9116,0.036529179464677493
r/Conspiracy,training,186,4,330,9116,0.036200087757788504
r/Conspiracy,training,187,3,326,9116,0.035761298815269855
r/Conspiracy,training,188,1,323,9116,0.035432207108380867
r/Conspiracy,training,191,3,322,9116,0.035322509872751207
r/Conspiracy,training,192,1,319,9116,0.034993418165862218
r/Conspiracy,training,193,3,318,9116,0.034883720930232558
r/Conspiracy,training,194,1,315,9116,0.034554629223343569
r/Conspiracy,training,195,2,314,9116,0.034444931987713909
r/Conspiracy,training,196,1,312,9116,0.034225537516454588
r/Conspiracy,training,199,1,311,9116,0.03411584028082492
r/Conspiracy,training,200,1,310,9116,0.03400614304519526
r/Conspiracy,training,201,1,309,9116,0.033896445809565599
r/Conspiracy,training,202,1,308,9116,0.033786748573935939
r/Conspiracy,training,203,1,307,9116,0.033677051338306271
r/Conspiracy,training,204,2,306,9116,0.033567354102676611
r/Conspiracy,training,206,3,304,9116,0.03334795963141729
r/Conspiracy,training,207,2,301,9116,0.033018867924528301
r/Conspiracy,training,209,3,299,9116,0.032799473453268981
r/Conspiracy,training,210,2,296,9116,0.032470381746379992
r/Conspiracy,training,211,1,294,9116,0.032250987275120664
r/Conspiracy,training,212,2,293,9116,0.032141290039491004
r/Conspiracy,training,214,2,291,9116,0.031921895568231683
r/Conspiracy,training,216,1,289,9116,0.031702501096972355
r/Conspiracy,training,217,4,288,9116,0.031592803861342694
r/Conspiracy,training,219,2,284,9116,0.031154014918824045
r/Conspiracy,training,222,1,282,9116,0.030934620447564721
r/Conspiracy,training,223,2,281,9116,0.03082492321193506
r/Conspiracy,training,224,1,279,9116,0.030605528740675736
r/Conspiracy,training,225,1,278,9116,0.030495831505046072
r/Conspiracy,training,226,1,277,9116,0.030386134269416411
r/Conspiracy,training,227,4,276,9116,0.030276437033786747
r/Conspiracy,training,229,1,272,9116,0.029837648091268099
r/Conspiracy,training,230,2,271,9116,0.029727950855638438
r/Conspiracy,training,231,1,269,9116,0.029508556384379114
r/Conspiracy,training,233,2,268,9116,0.029398859148749453
r/Conspiracy,training,234,2,266,9116,0.029179464677490129
r/Conspiracy,training,235,1,264,9116,0.028960070206230804
r/Conspiracy,training,237,2,263,9116,0.02885037297060114
r/Conspiracy,training,238,2,261,9116,0.028630978499341816
r/Conspiracy,training,239,1,259,9116,0.028411584028082491
r/Conspiracy,training,240,3,258,9116,0.028301886792452831
r/Conspiracy,training,242,2,255,9116,0.027972795085563842
r/Conspiracy,training,244,1,253,9116,0.027753400614304518
r/Conspiracy,training,246,1,252,9116,0.027643703378674857
r/Conspiracy,training,248,2,251,9116,0.027534006143045197
r/Conspiracy,training,251,2,249,9116,0.027314611671785873
r/Conspiracy,training,253,1,247,9116,0.027095217200526548
r/Conspiracy,training,254,1,246,9116,0.026985519964896884
r/Conspiracy,training,255,1,245,9116,0.026875822729267224
r/Conspiracy,training,256,1,244,9116,0.02676612549363756
r/Conspiracy,training,257,2,243,9116,0.026656428258007899
r/Conspiracy,training,259,2,241,9116,0.026437033786748575
r/Conspiracy,training,260,3,239,9116,0.02621763931548925
r/Conspiracy,training,261,2,236,9116,0.025888547608600262
r/Conspiracy,training,263,1,234,9116,0.025669153137340937
r/Conspiracy,training,264,1,233,9116,0.025559455901711277
r/Conspiracy,training,265,1,232,9116,0.025449758666081616
r/Conspiracy,training,266,2,231,9116,0.025340061430451952
r/Conspiracy,training,267,1,229,9116,0.025120666959192628
r/Conspiracy,training,268,1,228,9116,0.025010969723562967
r/Conspiracy,training,269,1,227,9116,0.024901272487933303
r/Conspiracy,training,270,1,226,9116,0.024791575252303643
r/Conspiracy,training,271,1,225,9116,0.024681878016673979
r/Conspiracy,training,272,1,224,9116,0.024572180781044319
r/Conspiracy,training,273,1,223,9116,0.024462483545414655
r/Conspiracy,training,274,2,222,9116,0.024352786309784994
r/Conspiracy,training,275,4,220,9116,0.02413339183852567
r/Conspiracy,training,276,1,216,9116,0.023694602896007021
r/Conspiracy,training,277,2,215,9116,0.02358490566037736
r/Conspiracy,training,278,1,213,9116,0.023365511189118036
r/Conspiracy,training,285,2,212,9116,0.023255813953488372
r/Conspiracy,training,286,3,210,9116,0.023036419482229047
r/Conspiracy,training,288,2,207,9116,0.022707327775340062
r/Conspiracy,training,293,1,205,9116,0.022487933304080738
r/Conspiracy,training,294,2,204,9116,0.022378236068451074
r/Conspiracy,training,295,1,202,9116,0.022158841597191749
r/Conspiracy,training,297,1,201,9116,0.022049144361562089
r/Conspiracy,training,299,1,200,9116,0.021939447125932425
r/Conspiracy,training,301,1,199,9116,0.021829749890302765
r/Conspiracy,training,303,1,198,9116,0.021720052654673101
r/Conspiracy,training,305,1,197,9116,0.02161035541904344
r/Conspiracy,training,307,1,196,9116,0.02150065818341378
r/Conspiracy,training,308,1,195,9116,0.021390960947784116
r/Conspiracy,training,309,1,194,9116,0.021281263712154455
r/Conspiracy,training,310,1,193,9116,0.021171566476524791
r/Conspiracy,training,311,1,192,9116,0.021061869240895131
r/Conspiracy,training,312,1,191,9116,0.020952172005265467
r/Conspiracy,training,314,1,190,9116,0.020842474769635806
r/Conspiracy,training,316,1,189,9116,0.020732777534006142
r/Conspiracy,training,319,1,188,9116,0.020623080298376482
r/Conspiracy,training,320,2,187,9116,0.020513383062746818
r/Conspiracy,training,321,2,185,9116,0.020293988591487493
r/Conspiracy,training,322,1,183,9116,0.020074594120228169
r/Conspiracy,training,324,1,182,9116,0.019964896884598508
r/Conspiracy,training,325,1,181,9116,0.019855199648968844
r/Conspiracy,training,328,2,180,9116,0.019745502413339184
r/Conspiracy,training,330,2,178,9116,0.019526107942079859
r/Conspiracy,training,333,1,176,9116,0.019306713470820535
r/Conspiracy,training,334,1,175,9116,0.019197016235190874
r/Conspiracy,training,335,1,174,9116,0.019087318999561211
r/Conspiracy,training,336,1,173,9116,0.01897762176393155
r/Conspiracy,training,339,1,172,9116,0.018867924528301886
r/Conspiracy,training,340,1,171,9116,0.018758227292672226
r/Conspiracy,training,346,3,170,9116,0.018648530057042562
r/Conspiracy,training,349,2,167,9116,0.018319438350153577
r/Conspiracy,training,353,1,165,9116,0.018100043878894252
r/Conspiracy,training,355,3,164,9116,0.017990346643264588
r/Conspiracy,training,357,1,161,9116,0.017661254936375603
r/Conspiracy,training,359,1,160,9116,0.017551557700745943
r/Conspiracy,training,360,1,159,9116,0.017441860465116279
r/Conspiracy,training,361,1,158,9116,0.017332163229486618
r/Conspiracy,training,363,1,157,9116,0.017222465993856954
r/Conspiracy,training,364,1,156,9116,0.017112768758227294
r/Conspiracy,training,365,1,155,9116,0.01700307152259763
r/Conspiracy,training,368,1,154,9116,0.016893374286967969
r/Conspiracy,training,369,1,153,9116,0.016783677051338305
r/Conspiracy,training,370,1,152,9116,0.016673979815708645
r/Conspiracy,training,372,1,151,9116,0.016564282580078981
r/Conspiracy,training,373,1,150,9116,0.01645458534444932
r/Conspiracy,training,375,1,149,9116,0.016344888108819657
r/Conspiracy,training,377,1,148,9116,0.016235190873189996
r/Conspiracy,training,383,1,147,9116,0.016125493637560332
r/Conspiracy,training,386,1,146,9116,0.016015796401930672
r/Conspiracy,training,389,1,145,9116,0.015906099166301008
r/Conspiracy,training,391,2,144,9116,0.015796401930671347
r/Conspiracy,training,392,1,142,9116,0.015577007459412023
r/Conspiracy,training,393,1,141,9116,0.01546731022378236
r/Conspiracy,training,402,2,140,9116,0.015357612988152698
r/Conspiracy,training,405,2,138,9116,0.015138218516893374
r/Conspiracy,training,406,1,136,9116,0.014918824045634049
r/Conspiracy,training,407,1,135,9116,0.014809126810004387
r/Conspiracy,training,412,1,134,9116,0.014699429574374727
r/Conspiracy,training,414,1,133,9116,0.014589732338745064
r/Conspiracy,training,415,1,132,9116,0.014480035103115402
r/Conspiracy,training,416,1,131,9116,0.01437033786748574
r/Conspiracy,training,418,1,130,9116,0.014260640631856078
r/Conspiracy,training,419,1,129,9116,0.014150943396226415
r/Conspiracy,training,424,1,128,9116,0.014041246160596753
r/Conspiracy,training,425,1,127,9116,0.013931548924967091
r/Conspiracy,training,429,1,126,9116,0.013821851689337429
r/Conspiracy,training,436,1,125,9116,0.013712154453707767
r/Conspiracy,training,438,2,124,9116,0.013602457218078104
r/Conspiracy,training,439,2,122,9116,0.01338306274681878
r/Conspiracy,training,442,1,120,9116,0.013163668275559455
r/Conspiracy,training,451,1,119,9116,0.013053971039929793
r/Conspiracy,training,452,1,118,9116,0.012944273804300131
r/Conspiracy,training,454,1,117,9116,0.012834576568670469
r/Conspiracy,training,458,1,116,9116,0.012724879333040808
r/Conspiracy,training,460,1,115,9116,0.012615182097411146
r/Conspiracy,training,465,2,114,9116,0.012505484861781484
r/Conspiracy,training,467,1,112,9116,0.012286090390522159
r/Conspiracy,training,469,1,111,9116,0.012176393154892497
r/Conspiracy,training,485,1,110,9116,0.012066695919262835
r/Conspiracy,training,489,1,109,9116,0.011956998683633173
r/Conspiracy,training,493,1,108,9116,0.01184730144800351
r/Conspiracy,training,494,1,107,9116,0.011737604212373848
r/Conspiracy,training,496,1,106,9116,0.011627906976744186
r/Conspiracy,training,499,1,105,9116,0.011518209741114524
r/Conspiracy,training,500,1,104,9116,0.011408512505484861
r/Conspiracy,training,502,1,103,9116,0.011298815269855199
r/Conspiracy,training,508,1,102,9116,0.011189118034225537
r/Conspiracy,training,521,1,101,9116,0.011079420798595875
r/Conspiracy,training,522,1,100,9116,0.010969723562966213
r/Conspiracy,training,525,1,99,9116,0.01086002632733655
r/Conspiracy,training,528,1,98,9116,0.01075032909170689
r/Conspiracy,training,530,2,97,9116,0.010640631856077228
r/Conspiracy,training,534,1,95,9116,0.010421237384817903
r/Conspiracy,training,541,2,94,9116,0.010311540149188241
r/Conspiracy,training,544,2,92,9116,0.010092145677928916
r/Conspiracy,training,547,1,90,9116,0.009872751206669592
r/Conspiracy,training,548,1,89,9116,0.0097630539710399297
r/Conspiracy,training,549,1,88,9116,0.0096533567354102675
r/Conspiracy,training,556,2,87,9116,0.0095436594997806053
r/Conspiracy,training,557,1,85,9116,0.0093242650285212808
r/Conspiracy,training,560,1,84,9116,0.0092145677928916186
r/Conspiracy,training,565,2,83,9116,0.0091048705572619563
r/Conspiracy,training,568,1,81,9116,0.0088854760860026319
r/Conspiracy,training,571,1,80,9116,0.0087757788503729714
r/Conspiracy,training,574,1,79,9116,0.0086660816147433092
r/Conspiracy,training,576,1,78,9116,0.0085563843791136469
r/Conspiracy,training,583,1,77,9116,0.0084466871434839847
r/Conspiracy,training,584,1,76,9116,0.0083369899078543225
r/Conspiracy,training,592,1,75,9116,0.0082272926722246602
r/Conspiracy,training,600,1,74,9116,0.008117595436594998
r/Conspiracy,training,601,1,73,9116,0.0080078982009653358
r/Conspiracy,training,609,1,72,9116,0.0078982009653356736
r/Conspiracy,training,624,1,71,9116,0.0077885037297060113
r/Conspiracy,training,632,1,70,9116,0.0076788064940763491
r/Conspiracy,training,643,1,69,9116,0.0075691092584466869
r/Conspiracy,training,647,1,68,9116,0.0074594120228170246
r/Conspiracy,training,653,1,67,9116,0.0073497147871873633
r/Conspiracy,training,658,1,66,9116,0.0072400175515577011
r/Conspiracy,training,660,1,65,9116,0.0071303203159280388
r/Conspiracy,training,666,1,64,9116,0.0070206230802983766
r/Conspiracy,training,667,1,63,9116,0.0069109258446687144
r/Conspiracy,training,673,1,62,9116,0.0068012286090390521
r/Conspiracy,training,689,1,61,9116,0.0066915313734093899
r/Conspiracy,training,695,1,60,9116,0.0065818341377797277
r/Conspiracy,training,708,1,59,9116,0.0064721369021500655
r/Conspiracy,training,715,1,58,9116,0.0063624396665204041
r/Conspiracy,training,719,1,57,9116,0.0062527424308907419
r/Conspiracy,training,723,1,56,9116,0.0061430451952610796
r/Conspiracy,training,728,1,55,9116,0.0060333479596314174
r/Conspiracy,training,736,1,54,9116,0.0059236507240017552
r/Conspiracy,training,741,1,53,9116,0.0058139534883720929
r/Conspiracy,training,748,1,52,9116,0.0057042562527424307
r/Conspiracy,training,750,1,51,9116,0.0055945590171127685
r/Conspiracy,training,752,1,50,9116,0.0054848617814831063
r/Conspiracy,training,758,1,49,9116,0.0053751645458534449
r/Conspiracy,training,763,2,48,9116,0.0052654673102237827
r/Conspiracy,training,764,1,46,9116,0.0050460728389644582
r/Conspiracy,training,783,1,45,9116,0.004936375603334796
r/Conspiracy,training,784,1,44,9116,0.0048266783677051337
r/Conspiracy,training,799,1,43,9116,0.0047169811320754715
r/Conspiracy,training,820,1,42,9116,0.0046072838964458093
r/Conspiracy,training,826,1,41,9116,0.0044975866608161471
r/Conspiracy,training,839,1,40,9116,0.0043878894251864857
r/Conspiracy,training,850,1,39,9116,0.0042781921895568235
r/Conspiracy,training,851,1,38,9116,0.0041684949539271612
r/Conspiracy,training,855,1,37,9116,0.004058797718297499
r/Conspiracy,training,868,1,36,9116,0.0039491004826678368
r/Conspiracy,training,879,1,35,9116,0.0038394032470381746
r/Conspiracy,training,897,1,34,9116,0.0037297060114085123
r/Conspiracy,training,926,1,33,9116,0.0036200087757788505
r/Conspiracy,training,927,1,32,9116,0.0035103115401491883
r/Conspiracy,training,929,3,31,9116,0.0034006143045195261
r/Conspiracy,training,948,1,28,9116,0.0030715225976305398
r/Conspiracy,training,978,1,27,9116,0.0029618253620008776
r/Conspiracy,training,1000,1,26,9116,0.0028521281263712154
r/Conspiracy,training,1009,1,25,9116,0.0027424308907415531
r/Conspiracy,training,1018,1,24,9116,0.0026327336551118913
r/Conspiracy,training,1039,1,23,9116,0.0025230364194822291
r/Conspiracy,training,1040,1,22,9116,0.0024133391838525669
r/Conspiracy,training,1108,1,21,9116,0.0023036419482229046
r/Conspiracy,training,1125,1,20,9116,0.0021939447125932428
r/Conspiracy,training,1126,1,19,9116,0.0020842474769635806
r/Conspiracy,training,1144,1,18,9116,0.0019745502413339184
r/Conspiracy,training,1185,1,17,9116,0.0018648530057042562
r/Conspiracy,training,1196,1,16,9116,0.0017551557700745941
r/Conspiracy,training,1205,1,15,9116,0.0016454585344449319
r/Conspiracy,training,1208,1,14,9116,0.0015357612988152699
r/Conspiracy,training,1211,1,13,9116,0.0014260640631856077
r/Conspiracy,training,1215,1,12,9116,0.0013163668275559457
r/Conspiracy,training,1273,1,11,9116,0.0012066695919262834
r/Conspiracy,training,1332,1,10,9116,0.0010969723562966214
r/Conspiracy,training,1342,1,9,9116,0.0009872751206669592
r/Conspiracy,training,1369,1,8,9116,0.00087757788503729707
r/Conspiracy,training,1392,1,7,9116,0.00076788064940763495
r/Conspiracy,training,1473,1,6,9116,0.00065818341377797283
r/Conspiracy,training,1550,1,5,9116,0.00054848617814831071
r/Conspiracy,training,1670,1,4,9116,0.00043878894251864854
r/Conspiracy,training,1762,1,3,9116,0.00032909170688898642
r/Conspiracy,training,1806,1,2,9116,0.00021939447125932427
r/Conspiracy,training,2272,1,1,9116,0.00010969723562966213
r/Conspiracy,held_out,1,316,2279,2279,1
r/Conspiracy,held_out,2,167,1963,2279,0.86134269416410703
r/Conspiracy,held_out,3,171,1796,2279,0.78806494076349276
r/Conspiracy,held_out,4,133,1625,2279,0.71303203159280382
r/Conspiracy,held_out,5,114,1492,2279,0.6546731022378236
r/Conspiracy,held_out,6,121,1378,2279,0.60465116279069764
r/Conspiracy,held_out,7,98,1257,2279,0.55155770074594124
r/Conspiracy,held_out,8,82,1159,2279,0.50855638437911366
r/Conspiracy,held_out,9,66,1077,2279,0.47257569109258446
r/Conspiracy,held_out,10,58,1011,2279,0.44361562088635365
r/Conspiracy,held_out,11,48,953,2279,0.41816586222027202
r/Conspiracy,held_out,12,39,905,2279,0.39710399297937693
r/Conspiracy,held_out,13,26,866,2279,0.37999122422114961
r/Conspiracy,held_out,14,48,840,2279,0.36858271171566476
r/Conspiracy,held_out,15,50,792,2279,0.34752084247476961
r/Conspiracy,held_out,16,33,742,2279,0.32558139534883723
r/Conspiracy,held_out,17,24,709,2279,0.31110136024572183
r/Conspiracy,held_out,18,32,685,2279,0.30057042562527425
r/Conspiracy,held_out,19,27,653,2279,0.28652917946467749
r/Conspiracy,held_out,20,26,626,2279,0.27468187801667399
r/Conspiracy,held_out,21,30,600,2279,0.26327336551118913
r/Conspiracy,held_out,22,21,570,2279,0.25010969723562965
r/Conspiracy,held_out,23,16,549,2279,0.24089512944273805
r/Conspiracy,held_out,24,20,533,2279,0.23387450636243967
r/Conspiracy,held_out,25,18,513,2279,0.22509872751206669
r/Conspiracy,held_out,26,14,495,2279,0.21720052654673103
r/Conspiracy,held_out,27,20,481,2279,0.21105748135146996
r/Conspiracy,held_out,28,14,461,2279,0.20228170250109698
r/Conspiracy,held_out,29,11,447,2279,0.19613865730583591
r/Conspiracy,held_out,30,11,436,2279,0.19131197893813076
r/Conspiracy,held_out,31,12,425,2279,0.18648530057042562
r/Conspiracy,held_out,32,14,413,2279,0.18121983326020183
r/Conspiracy,held_out,33,10,399,2279,0.17507678806494076
r/Conspiracy,held_out,34,14,389,2279,0.17068889863975428
r/Conspiracy,held_out,35,6,375,2279,0.16454585344449321
r/Conspiracy,held_out,36,7,369,2279,0.1619131197893813
r/Conspiracy,held_out,37,6,362,2279,0.15884159719175076
r/Conspiracy,held_out,38,11,356,2279,0.15620886353663888
r/Conspiracy,held_out,39,6,345,2279,0.15138218516893373
r/Conspiracy,held_out,40,4,339,2279,0.14874945151382185
r/Conspiracy,held_out,41,9,335,2279,0.14699429574374726
r/Conspiracy,held_out,42,9,326,2279,0.14304519526107942
r/Conspiracy,held_out,43,8,317,2279,0.13909609477841159
r/Conspiracy,held_out,44,9,309,2279,0.1355857832382624
r/Conspiracy,held_out,45,7,300,2279,0.13163668275559456
r/Conspiracy,held_out,46,6,293,2279,0.12856516015796401
r/Conspiracy,held_out,47,4,287,2279,0.12593242650285214
r/Conspiracy,held_out,48,1,283,2279,0.12417727073277754
r/Conspiracy,held_out,49,5,282,2279,0.12373848179025888
r/Conspiracy,held_out,50,8,277,2279,0.12154453707766565
r/Conspiracy,held_out,51,4,269,2279,0.11803422553751645
r/Conspiracy,held_out,52,6,265,2279,0.11627906976744186
r/Conspiracy,held_out,53,2,259,2279,0.11364633611232997
r/Conspiracy,held_out,54,6,257,2279,0.11276875822729267
r/Conspiracy,held_out,55,3,251,2279,0.11013602457218079
r/Conspiracy,held_out,56,2,248,2279,0.10881965774462483
r/Conspiracy,held_out,57,4,246,2279,0.10794207985958754
r/Conspiracy,held_out,58,5,242,2279,0.10618692408951294
r/Conspiracy,held_out,59,4,237,2279,0.1039929793769197
r/Conspiracy,held_out,60,8,233,2279,0.10223782360684511
r/Conspiracy,held_out,61,4,225,2279,0.098727512066695916
r/Conspiracy,held_out,62,5,221,2279,0.09697235629662132
r/Conspiracy,held_out,63,4,216,2279,0.094778411584028083
r/Conspiracy,held_out,64,6,212,2279,0.093023255813953487
r/Conspiracy,held_out,65,8,206,2279,0.090390522158841594
r/Conspiracy,held_out,66,2,198,2279,0.086880210618692402
r/Conspiracy,held_out,67,5,196,2279,0.086002632733655118
r/Conspiracy,held_out,68,3,191,2279,0.083808688021061867
r/Conspiracy,held_out,69,3,188,2279,0.082492321193505927
r/Conspiracy,held_out,70,5,185,2279,0.081175954365949973
r/Conspiracy,held_out,71,3,180,2279,0.078982009653356736
r/Conspiracy,held_out,72,2,177,2279,0.077665642825800796
r/Conspiracy,held_out,73,4,175,2279,0.076788064940763498
r/Conspiracy,held_out,74,3,171,2279,0.075032909170688902
r/Conspiracy,held_out,75,1,168,2279,0.073716542343132949
r/Conspiracy,held_out,76,3,167,2279,0.073277753400614307
r/Conspiracy,held_out,77,1,164,2279,0.071961386573058353
r/Conspiracy,held_out,78,1,163,2279,0.071522597630539711
r/Conspiracy,held_out,79,2,162,2279,0.071083808688021055
r/Conspiracy,held_out,80,3,160,2279,0.070206230802983771
r/Conspiracy,held_out,81,1,157,2279,0.068889863975427817
r/Conspiracy,held_out,82,1,156,2279,0.068451075032909175
r/Conspiracy,held_out,83,2,155,2279,0.06801228609039052
r/Conspiracy,held_out,84,1,153,2279,0.067134708205353222
r/Conspiracy,held_out,87,2,152,2279,0.06669591926283458
r/Conspiracy,held_out,88,2,150,2279,0.065818341377797282
r/Conspiracy,held_out,89,3,148,2279,0.064940763492759984
r/Conspiracy,held_out,91,1,145,2279,0.06362439666520403
r/Conspiracy,held_out,92,2,144,2279,0.063185607722685388
r/Conspiracy,held_out,93,2,142,2279,0.062308029837648091
r/Conspiracy,held_out,94,3,140,2279,0.061430451952610793
r/Conspiracy,held_out,95,2,137,2279,0.060114085125054846
r/Conspiracy,held_out,96,3,135,2279,0.059236507240017548
r/Conspiracy,held_out,97,1,132,2279,0.057920140412461608
r/Conspiracy,held_out,98,1,131,2279,0.05748135146994296
r/Conspiracy,held_out,100,1,130,2279,0.057042562527424311
r/Conspiracy,held_out,101,2,129,2279,0.056603773584905662
r/Conspiracy,held_out,102,1,127,2279,0.055726195699868364
r/Conspiracy,held_out,103,2,126,2279,0.055287406757349715
r/Conspiracy,held_out,104,2,124,2279,0.054409828872312417
r/Conspiracy,held_out,105,2,122,2279,0.053532250987275119
r/Conspiracy,held_out,108,1,120,2279,0.052654673102237821
r/Conspiracy,held_out,109,2,119,2279,0.052215884159719173
r/Conspiracy,held_out,112,3,117,2279,0.051338306274681875
r/Conspiracy,held_out,114,1,114,2279,0.050021939447125935
r/Conspiracy,held_out,116,1,113,2279,0.049583150504607286
r/Conspiracy,held_out,117,1,112,2279,0.049144361562088637
r/Conspiracy,held_out,118,1,111,2279,0.048705572619569988
r/Conspiracy,held_out,120,3,110,2279,0.048266783677051339
r/Conspiracy,held_out,123,1,107,2279,0.046950416849495392
r/Conspiracy,held_out,125,1,106,2279,0.046511627906976744
r/Conspiracy,held_out,128,3,105,2279,0.046072838964458095
r/Conspiracy,held_out,130,1,102,2279,0.044756472136902148
r/Conspiracy,held_out,132,1,101,2279,0.044317683194383499
r/Conspiracy,held_out,134,2,100,2279,0.04387889425186485
r/Conspiracy,held_out,137,2,98,2279,0.043001316366827559
r/Conspiracy,held_out,140,1,96,2279,0.042123738481790261
r/Conspiracy,held_out,141,1,95,2279,0.041684949539271612
r/Conspiracy,held_out,142,1,94,2279,0.041246160596752963
r/Conspiracy,held_out,145,1,93,2279,0.040807371654234315
r/Conspiracy,held_out,146,1,92,2279,0.040368582711715666
r/Conspiracy,held_out,147,1,91,2279,0.039929793769197017
r/Conspiracy,held_out,150,1,90,2279,0.039491004826678368
r/Conspiracy,held_out,153,1,89,2279,0.039052215884159719
r/Conspiracy,held_out,157,1,88,2279,0.03861342694164107
r/Conspiracy,held_out,160,1,87,2279,0.038174637999122421
r/Conspiracy,held_out,162,1,86,2279,0.037735849056603772
r/Conspiracy,held_out,163,1,85,2279,0.037297060114085123
r/Conspiracy,held_out,164,1,84,2279,0.036858271171566474
r/Conspiracy,held_out,171,2,83,2279,0.036419482229047825
r/Conspiracy,held_out,172,1,81,2279,0.035541904344010528
r/Conspiracy,held_out,173,2,80,2279,0.035103115401491886
r/Conspiracy,held_out,175,2,78,2279,0.034225537516454588
r/Conspiracy,held_out,176,2,76,2279,0.03334795963141729
r/Conspiracy,held_out,177,1,74,2279,0.032470381746379992
r/Conspiracy,held_out,183,1,73,2279,0.032031592803861343
r/Conspiracy,held_out,184,1,72,2279,0.031592803861342694
r/Conspiracy,held_out,186,1,71,2279,0.031154014918824045
r/Conspiracy,held_out,189,1,70,2279,0.030715225976305396
r/Conspiracy,held_out,192,1,69,2279,0.030276437033786747
r/Conspiracy,held_out,197,1,68,2279,0.029837648091268099
r/Conspiracy,held_out,198,1,67,2279,0.029398859148749453
r/Conspiracy,held_out,202,1,66,2279,0.028960070206230804
r/Conspiracy,held_out,205,1,65,2279,0.028521281263712155
r/Conspiracy,held_out,210,1,64,2279,0.028082492321193506
r/Conspiracy,held_out,211,1,63,2279,0.027643703378674857
r/Conspiracy,held_out,215,1,62,2279,0.027204914436156209
r/Conspiracy,held_out,216,1,61,2279,0.02676612549363756
r/Conspiracy,held_out,221,1,60,2279,0.026327336551118911
r/Conspiracy,held_out,223,1,59,2279,0.025888547608600262
r/Conspiracy,held_out,227,1,58,2279,0.025449758666081616
r/Conspiracy,held_out,228,1,57,2279,0.025010969723562967
r/Conspiracy,held_out,230,1,56,2279,0.024572180781044319
r/Conspiracy,held_out,231,1,55,2279,0.02413339183852567
r/Conspiracy,held_out,232,2,54,2279,0.023694602896007021
r/Conspiracy,held_out,235,1,52,2279,0.022817025010969723
r/Conspiracy,held_out,247,1,51,2279,0.022378236068451074
r/Conspiracy,held_out,250,1,50,2279,0.021939447125932425
r/Conspiracy,held_out,251,1,49,2279,0.02150065818341378
r/Conspiracy,held_out,262,1,48,2279,0.021061869240895131
r/Conspiracy,held_out,264,1,47,2279,0.020623080298376482
r/Conspiracy,held_out,266,1,46,2279,0.020184291355857833
r/Conspiracy,held_out,271,2,45,2279,0.019745502413339184
r/Conspiracy,held_out,281,1,43,2279,0.018867924528301886
r/Conspiracy,held_out,286,1,42,2279,0.018429135585783237
r/Conspiracy,held_out,288,1,41,2279,0.017990346643264588
r/Conspiracy,held_out,292,1,40,2279,0.017551557700745943
r/Conspiracy,held_out,310,1,39,2279,0.017112768758227294
r/Conspiracy,held_out,311,1,38,2279,0.016673979815708645
r/Conspiracy,held_out,317,1,37,2279,0.016235190873189996
r/Conspiracy,held_out,320,1,36,2279,0.015796401930671347
r/Conspiracy,held_out,322,1,35,2279,0.015357612988152698
r/Conspiracy,held_out,335,1,34,2279,0.014918824045634049
r/Conspiracy,held_out,360,1,33,2279,0.014480035103115402
r/Conspiracy,held_out,366,1,32,2279,0.014041246160596753
r/Conspiracy,held_out,368,1,31,2279,0.013602457218078104
r/Conspiracy,held_out,389,1,30,2279,0.013163668275559455
r/Conspiracy,held_out,396,1,29,2279,0.012724879333040808
r/Conspiracy,held_out,401,1,28,2279,0.012286090390522159
r/Conspiracy,held_out,423,1,27,2279,0.01184730144800351
r/Conspiracy,held_out,432,1,26,2279,0.011408512505484861
r/Conspiracy,held_out,438,1,25,2279,0.010969723562966213
r/Conspiracy,held_out,440,1,24,2279,0.010530934620447565
r/Conspiracy,held_out,454,1,23,2279,0.010092145677928916
r/Conspiracy,held_out,497,1,22,2279,0.0096533567354102675
r/Conspiracy,held_out,527,1,21,2279,0.0092145677928916186
r/Conspiracy,held_out,533,1,20,2279,0.0087757788503729714
r/Conspiracy,held_out,558,1,19,2279,0.0083369899078543225
r/Conspiracy,held_out,600,1,18,2279,0.0078982009653356736
r/Conspiracy,held_out,624,1,17,2279,0.0074594120228170246
r/Conspiracy,held_out,625,1,16,2279,0.0070206230802983766
r/Conspiracy,held_out,650,2,15,2279,0.0065818341377797277
r/Conspiracy,held_out,662,1,13,2279,0.0057042562527424307
r/Conspiracy,held_out,676,1,12,2279,0.0052654673102237827
r/Conspiracy,held_out,729,1,11,2279,0.0048266783677051337
r/Conspiracy,held_out,736,1,10,2279,0.0043878894251864857
r/Conspiracy,held_out,751,1,9,2279,0.0039491004826678368
r/Conspiracy,held_out,755,1,8,2279,0.0035103115401491883
r/Conspiracy,held_out,876,1,7,2279,0.0030715225976305398
r/Conspiracy,held_out,899,1,6,2279,0.0026327336551118913
r/Conspiracy,held_out,1022,1,5,2279,0.0021939447125932428
r/Conspiracy,held_out,1154,1,4,2279,0.0017551557700745941
r/Conspiracy,held_out,1169,1,3,2279,0.0013163668275559457
r/Conspiracy,held_out,1211,1,2,2279,0.00087757788503729707
r/Conspiracy,held_out,1214,1,1,2279,0.00043878894251864854
r/CryptoCurrency,training,1,6356,11854,11854,1
r/CryptoCurrency,training,2,587,5498,11854,0.46380968449468535
r/CryptoCurrency,training,3,274,4911,11854,0.41429053484056017
r/CryptoCurrency,training,4,148,4637,11854,0.39117597435464824
r/CryptoCurrency,training,5,158,4489,11854,0.37869073730386366
r/CryptoCurrency,training,6,141,4331,11854,0.36536190315505312
r/CryptoCurrency,training,7,133,4190,11854,0.3534671840728868
r/CryptoCurrency,training,8,120,4057,11854,0.3422473426691412
r/CryptoCurrency,training,9,147,3937,11854,0.33212417749282941
r/CryptoCurrency,training,10,127,3790,11854,0.31972330015184747
r/CryptoCurrency,training,11,124,3663,11854,0.30900961700691748
r/CryptoCurrency,training,12,132,3539,11854,0.2985490129913953
r/CryptoCurrency,training,13,105,3407,11854,0.28741353129745234
r/CryptoCurrency,training,14,114,3302,11854,0.27855576176817953
r/CryptoCurrency,training,15,110,3188,11854,0.2689387548506833
r/CryptoCurrency,training,16,100,3078,11854,0.25965918677239752
r/CryptoCurrency,training,17,91,2978,11854,0.25122321579213769
r/CryptoCurrency,training,18,108,2887,11854,0.24354648220010122
r/CryptoCurrency,training,19,91,2779,11854,0.23443563354142061
r/CryptoCurrency,training,20,92,2688,11854,0.22675889994938417
r/CryptoCurrency,training,21,81,2596,11854,0.21899780664754515
r/CryptoCurrency,training,22,91,2515,11854,0.21216467015353468
r/CryptoCurrency,training,23,78,2424,11854,0.20448793656149822
r/CryptoCurrency,training,24,67,2346,11854,0.19790787919689556
r/CryptoCurrency,training,25,75,2279,11854,0.19225577864012147
r/CryptoCurrency,training,26,73,2204,11854,0.1859288004049266
r/CryptoCurrency,training,27,62,2131,11854,0.17977054158933695
r/CryptoCurrency,training,28,52,2069,11854,0.17454023958157583
r/CryptoCurrency,training,29,54,2017,11854,0.17015353467184072
r/CryptoCurrency,training,30,55,1963,11854,0.16559811034250041
r/CryptoCurrency,training,31,43,1908,11854,0.16095832630335752
r/CryptoCurrency,training,32,55,1865,11854,0.1573308587818458
r/CryptoCurrency,training,33,51,1810,11854,0.15269107474270288
r/CryptoCurrency,training,34,54,1759,11854,0.14838872954277038
r/CryptoCurrency,training,35,43,1705,11854,0.14383330521343007
r/CryptoCurrency,training,36,47,1662,11854,0.14020583769191833
r/CryptoCurrency,training,37,35,1615,11854,0.13624093133119622
r/CryptoCurrency,training,38,38,1580,11854,0.13328834148810528
r/CryptoCurrency,training,39,26,1542,11854,0.13008267251560654
r/CryptoCurrency,training,40,40,1516,11854,0.127889320060739
r/CryptoCurrency,training,41,39,1476,11854,0.12451493166863506
r/CryptoCurrency,training,42,33,1437,11854,0.12122490298633373
r/CryptoCurrency,training,43,36,1404,11854,0.11844103256284798
r/CryptoCurrency,training,44,33,1368,11854,0.11540408300995444
r/CryptoCurrency,training,45,27,1335,11854,0.1126202125864687
r/CryptoCurrency,training,46,30,1308,11854,0.11034250042179855
r/CryptoCurrency,training,47,28,1278,11854,0.1078117091277206
r/CryptoCurrency,training,48,25,1250,11854,0.10544963725324785
r/CryptoCurrency,training,49,21,1225,11854,0.10334064450818289
r/CryptoCurrency,training,50,31,1204,11854,0.10156909060232833
r/CryptoCurrency,training,51,22,1173,11854,0.098953939598447782
r/CryptoCurrency,training,52,23,1151,11854,0.097098025982790617
r/CryptoCurrency,training,53,28,1128,11854,0.095157752657330855
r/CryptoCurrency,training,54,18,1100,11854,0.092795680782858103
r/CryptoCurrency,training,55,30,1082,11854,0.091277206006411343
r/CryptoCurrency,training,56,18,1052,11854,0.088746414712333396
r/CryptoCurrency,training,57,11,1034,11854,0.087227939935886623
r/CryptoCurrency,training,58,20,1023,11854,0.086299983128058033
r/CryptoCurrency,training,59,17,1003,11854,0.084612788932006078
r/CryptoCurrency,training,60,22,986,11854,0.083178673865361902
r/CryptoCurrency,training,61,17,964,11854,0.081322760249704737
r/CryptoCurrency,training,62,13,947,11854,0.079888645183060575
r/CryptoCurrency,training,63,7,934,11854,0.07879196895562679
r/CryptoCurrency,training,64,13,927,11854,0.078201450987008606
r/CryptoCurrency,training,65,19,914,11854,0.077104774759574821
r/CryptoCurrency,training,66,19,895,11854,0.075501940273325463
r/CryptoCurrency,training,67,18,876,11854,0.073899105787076091
r/CryptoCurrency,training,68,17,858,11854,0.072380631010629318
r/CryptoCurrency,training,69,8,841,11854,0.070946515943985156
r/CryptoCurrency,training,70,15,833,11854,0.07027163826556436
r/CryptoCurrency,training,71,9,818,11854,0.069006242618525393
r/CryptoCurrency,training,72,10,809,11854,0.068247005230302013
r/CryptoCurrency,training,73,13,799,11854,0.067403408132276021
r/CryptoCurrency,training,74,10,786,11854,0.06630673190484225
r/CryptoCurrency,training,75,13,776,11854,0.065463134806816259
r/CryptoCurrency,training,76,8,763,11854,0.064366458579382488
r/CryptoCurrency,training,77,10,755,11854,0.063691580900961706
r/CryptoCurrency,training,78,14,745,11854,0.062847983802935714
r/CryptoCurrency,training,79,7,731,11854,0.061666947865699345
r/CryptoCurrency,training,80,12,724,11854,0.061076429897081154
r/CryptoCurrency,training,81,11,712,11854,0.060064113379449974
r/CryptoCurrency,training,82,2,701,11854,0.059136156571621391
r/CryptoCurrency,training,83,7,699,11854,0.058967437152016196
r/CryptoCurrency,training,84,11,692,11854,0.058376919183398011
r/CryptoCurrency,training,85,14,681,11854,0.057448962375569429
r/CryptoCurrency,training,86,10,667,11854,0.056267926438333053
r/CryptoCurrency,training,87,12,657,11854,0.055424329340307069
r/CryptoCurrency,training,88,9,645,11854,0.054412012822675888
r/CryptoCurrency,training,89,7,636,11854,0.053652775434452508
r/CryptoCurrency,training,90,5,629,11854,0.053062257465834317
r/CryptoCurrency,training,91,9,624,11854,0.052640458916821328
r/CryptoCurrency,training,92,8,615,11854,0.051881221528597941
r/CryptoCurrency,training,93,7,607,11854,0.051206343850177152
r/CryptoCurrency,training,94,4,600,11854,0.050615825881558968
r/CryptoCurrency,training,95,7,596,11854,0.050278387042348577
r/CryptoCurrency,training,96,7,589,11854,0.049687869073730385
r/CryptoCurrency,training,97,4,582,11854,0.049097351105112201
r/CryptoCurrency,training,98,4,578,11854,0.048759912265901803
r/CryptoCurrency,training,99,5,574,11854,0.048422473426691412
r/CryptoCurrency,training,100,6,569,11854,0.048000674877678423
r/CryptoCurrency,training,101,3,563,11854,0.04749451661886283
r/CryptoCurrency,training,102,3,560,11854,0.047241437489455036
r/CryptoCurrency,training,103,5,557,11854,0.046988358360047243
r/CryptoCurrency,training,104,12,552,11854,0.046566559811034247
r/CryptoCurrency,training,105,4,540,11854,0.045554243293403074
r/CryptoCurrency,training,106,9,536,11854,0.045216804454192676
r/CryptoCurrency,training,107,5,527,11854,0.044457567065969296
r/CryptoCurrency,training,109,3,522,11854,0.0440357685169563
r/CryptoCurrency,training,110,6,519,11854,0.043782689387548507
r/CryptoCurrency,training,111,9,513,11854,0.04327653112873292
r/CryptoCurrency,training,112,4,504,11854,0.042517293740509533
r/CryptoCurrency,training,113,5,500,11854,0.042179854901299142
r/CryptoCurrency,training,114,6,495,11854,0.041758056352286146
r/CryptoCurrency,training,115,6,489,11854,0.04125189809347056
r/CryptoCurrency,training,116,2,483,11854,0.040745739834654966
r/CryptoCurrency,training,117,6,481,11854,0.040577020415049771
r/CryptoCurrency,training,118,5,475,11854,0.040070862156234184
r/CryptoCurrency,training,119,4,470,11854,0.039649063607221188
r/CryptoCurrency,training,120,2,466,11854,0.039311624768010797
r/CryptoCurrency,training,121,2,464,11854,0.039142905348405602
r/CryptoCurrency,training,122,6,462,11854,0.038974185928800406
r/CryptoCurrency,training,123,4,456,11854,0.038468027669984813
r/CryptoCurrency,training,124,5,452,11854,0.038130588830774421
r/CryptoCurrency,training,125,7,447,11854,0.037708790281761433
r/CryptoCurrency,training,126,3,440,11854,0.037118272313143241
r/CryptoCurrency,training,127,4,437,11854,0.036865193183735448
r/CryptoCurrency,training,128,7,433,11854,0.036527754344525057
r/CryptoCurrency,training,129,2,426,11854,0.035937236375906866
r/CryptoCurrency,training,130,3,424,11854,0.03576851695630167
r/CryptoCurrency,training,131,4,421,11854,0.035515437826893877
r/CryptoCurrency,training,132,2,417,11854,0.035177998987683486
r/CryptoCurrency,training,133,3,415,11854,0.035009279568078283
r/CryptoCurrency,training,134,2,412,11854,0.03475620043867049
r/CryptoCurrency,training,135,1,410,11854,0.034587481019065294
r/CryptoCurrency,training,136,4,409,11854,0.034503121309262696
r/CryptoCurrency,training,137,1,405,11854,0.034165682470052305
r/CryptoCurrency,training,138,1,404,11854,0.034081322760249708
r/CryptoCurrency,training,139,5,403,11854,0.03399696305044711
r/CryptoCurrency,training,140,2,398,11854,0.033575164501434114
r/CryptoCurrency,training,141,2,396,11854,0.033406445081828919
r/CryptoCurrency,training,142,4,394,11854,0.033237725662223723
r/CryptoCurrency,training,143,4,390,11854,0.032900286823013332
r/CryptoCurrency,training,144,3,386,11854,0.032562847983802934
r/CryptoCurrency,training,145,2,383,11854,0.032309768854395141
r/CryptoCurrency,training,146,1,381,11854,0.032141049434789945
r/CryptoCurrency,training,147,4,380,11854,0.032056689724987347
r/CryptoCurrency,training,148,1,376,11854,0.031719250885776956
r/CryptoCurrency,training,149,4,375,11854,0.031634891175974351
r/CryptoCurrency,training,150,1,371,11854,0.03129745233676396
r/CryptoCurrency,training,151,2,370,11854,0.031213092626961363
r/CryptoCurrency,training,152,3,368,11854,0.031044373207356167
r/CryptoCurrency,training,153,2,365,11854,0.03079129407794837
r/CryptoCurrency,training,154,4,363,11854,0.030622574658343175
r/CryptoCurrency,training,155,6,359,11854,0.030285135819132784
r/CryptoCurrency,training,156,5,353,11854,0.029778977560317194
r/CryptoCurrency,training,157,1,348,11854,0.029357179011304201
r/CryptoCurrency,training,159,1,347,11854,0.029272819301501603
r/CryptoCurrency,training,160,3,346,11854,0.029188459591699006
r/CryptoCurrency,training,161,4,343,11854,0.028935380462291209
r/CryptoCurrency,training,162,5,339,11854,0.028597941623080818
r/CryptoCurrency,training,163,2,334,11854,0.028176143074067826
r/CryptoCurrency,training,164,3,332,11854,0.02800742365446263
r/CryptoCurrency,training,165,1,329,11854,0.027754344525054833
r/CryptoCurrency,training,166,5,328,11854,0.027669984815252235
r/CryptoCurrency,training,167,3,323,11854,0.027248186266239243
r/CryptoCurrency,training,168,2,320,11854,0.02699510713683145
r/CryptoCurrency,training,169,1,318,11854,0.026826387717226254
r/CryptoCurrency,training,170,4,317,11854,0.026742028007423653
r/CryptoCurrency,training,171,4,313,11854,0.026404589168213262
r/CryptoCurrency,training,172,2,309,11854,0.026067150329002867
r/CryptoCurrency,training,173,5,307,11854,0.025898430909397672
r/CryptoCurrency,training,174,3,302,11854,0.025476632360384679
r/CryptoCurrency,training,175,4,299,11854,0.025223553230976886
r/CryptoCurrency,training,176,4,295,11854,0.024886114391766492
r/CryptoCurrency,training,179,1,291,11854,0.024548675552556101
r/CryptoCurrency,training,180,1,290,11854,0.024464315842753499
r/CryptoCurrency,training,181,2,289,11854,0.024379956132950902
r/CryptoCurrency,training,182,1,287,11854,0.024211236713345706
r/CryptoCurrency,training,183,4,286,11854,0.024126877003543108
r/CryptoCurrency,training,184,2,282,11854,0.023789438164332714
r/CryptoCurrency,training,185,1,280,11854,0.023620718744727518
r/CryptoCurrency,training,186,4,279,11854,0.02353635903492492
r/CryptoCurrency,training,188,3,275,11854,0.023198920195714526
r/CryptoCurrency,training,189,3,272,11854,0.022945841066306732
r/CryptoCurrency,training,190,2,269,11854,0.022692761936898936
r/CryptoCurrency,training,192,1,267,11854,0.02252404251729374
r/CryptoCurrency,training,193,2,266,11854,0.022439682807491142
r/CryptoCurrency,training,195,2,264,11854,0.022270963387885947
r/CryptoCurrency,training,196,1,262,11854,0.022102243968280748
r/CryptoCurrency,training,197,1,261,11854,0.02201788425847815
r/CryptoCurrency,training,198,2,260,11854,0.021933524548675552
r/CryptoCurrency,training,199,2,258,11854,0.021764805129070357
r/CryptoCurrency,training,200,1,256,11854,0.021596085709465158
r/CryptoCurrency,training,201,2,255,11854,0.02151172599966256
r/CryptoCurrency,training,205,2,253,11854,0.021343006580057364
r/CryptoCurrency,training,206,1,251,11854,0.021174287160452169
r/CryptoCurrency,training,207,1,250,11854,0.021089927450649571
r/CryptoCurrency,training,209,2,249,11854,0.02100556774084697
r/CryptoCurrency,training,210,1,247,11854,0.020836848321241774
r/CryptoCurrency,training,211,1,246,11854,0.020752488611439177
r/CryptoCurrency,training,212,1,245,11854,0.020668128901636579
r/CryptoCurrency,training,217,1,244,11854,0.020583769191833981
r/CryptoCurrency,training,219,2,243,11854,0.020499409482031383
r/CryptoCurrency,training,220,2,241,11854,0.020330690062426184
r/CryptoCurrency,training,223,3,239,11854,0.020161970642820989
r/CryptoCurrency,training,224,2,236,11854,0.019908891513413195
r/CryptoCurrency,training,225,2,234,11854,0.019740172093807996
r/CryptoCurrency,training,227,1,232,11854,0.019571452674202801
r/CryptoCurrency,training,229,1,231,11854,0.019487092964400203
r/CryptoCurrency,training,230,2,230,11854,0.019402733254597605
r/CryptoCurrency,training,231,1,228,11854,0.019234013834992406
r/CryptoCurrency,training,233,1,227,11854,0.019149654125189809
r/CryptoCurrency,training,235,2,226,11854,0.019065294415387211
r/CryptoCurrency,training,236,2,224,11854,0.018896574995782015
r/CryptoCurrency,training,237,1,222,11854,0.01872785557617682
r/CryptoCurrency,training,238,1,221,11854,0.018643495866374218
r/CryptoCurrency,training,242,1,220,11854,0.018559136156571621
r/CryptoCurrency,training,243,1,219,11854,0.018474776446769023
r/CryptoCurrency,training,244,2,218,11854,0.018390416736966425
r/CryptoCurrency,training,245,1,216,11854,0.01822169731736123
r/CryptoCurrency,training,246,2,215,11854,0.018137337607558628
r/CryptoCurrency,training,247,1,213,11854,0.017968618187953433
r/CryptoCurrency,training,250,3,212,11854,0.017884258478150835
r/CryptoCurrency,training,252,5,209,11854,0.017631179348743042
r/CryptoCurrency,training,253,2,204,11854,0.017209380799730049
r/CryptoCurrency,training,254,1,202,11854,0.017040661380124854
r/CryptoCurrency,training,255,1,201,11854,0.016956301670322253
r/CryptoCurrency,training,257,1,200,11854,0.016871941960519655
r/CryptoCurrency,training,261,3,199,11854,0.016787582250717057
r/CryptoCurrency,training,262,3,196,11854,0.016534503121309264
r/CryptoCurrency,training,265,2,193,11854,0.016281423991901467
r/CryptoCurrency,training,266,1,191,11854,0.016112704572296271
r/CryptoCurrency,training,267,1,190,11854,0.016028344862493674
r/CryptoCurrency,training,269,1,189,11854,0.015943985152691076
r/CryptoCurrency,training,270,3,188,11854,0.015859625442888478
r/CryptoCurrency,training,271,1,185,11854,0.015606546313480681
r/CryptoCurrency,training,272,2,184,11854,0.015522186603678084
r/CryptoCurrency,training,273,3,182,11854,0.015353467184072886
r/CryptoCurrency,training,275,1,179,11854,0.015100388054665091
r/CryptoCurrency,training,276,1,178,11854,0.015016028344862493
r/CryptoCurrency,training,278,1,177,11854,0.014931668635059896
r/CryptoCurrency,training,280,1,176,11854,0.014847308925257298
r/CryptoCurrency,training,281,1,175,11854,0.014762949215454698
r/CryptoCurrency,training,283,1,174,11854,0.014678589505652101
r/CryptoCurrency,training,285,1,173,11854,0.014594229795849503
r/CryptoCurrency,training,288,2,172,11854,0.014509870086046903
r/CryptoCurrency,training,290,2,170,11854,0.014341150666441708
r/CryptoCurrency,training,293,3,168,11854,0.014172431246836511
r/CryptoCurrency,training,295,1,165,11854,0.013919352117428715
r/CryptoCurrency,training,296,1,164,11854,0.013834992407626118
r/CryptoCurrency,training,299,2,163,11854,0.01375063269782352
r/CryptoCurrency,training,300,2,161,11854,0.013581913278218323
r/CryptoCurrency,training,303,2,159,11854,0.013413193858613127
r/CryptoCurrency,training,304,2,157,11854,0.01324447443900793
r/CryptoCurrency,training,306,1,155,11854,0.013075755019402733
r/CryptoCurrency,training,311,1,154,11854,0.012991395309600135
r/CryptoCurrency,training,312,1,153,11854,0.012907035599797537
r/CryptoCurrency,training,313,1,152,11854,0.012822675889994939
r/CryptoCurrency,training,314,3,151,11854,0.01273831618019234
r/CryptoCurrency,training,316,2,148,11854,0.012485237050784545
r/CryptoCurrency,training,322,2,146,11854,0.012316517631179349
r/CryptoCurrency,training,323,1,144,11854,0.012147798211574152
r/CryptoCurrency,training,324,1,143,11854,0.012063438501771554
r/CryptoCurrency,training,325,2,142,11854,0.011979078791968956
r/CryptoCurrency,training,328,1,140,11854,0.011810359372363759
r/CryptoCurrency,training,332,1,139,11854,0.011725999662561161
r/CryptoCurrency,training,334,1,138,11854,0.011641639952758562
r/CryptoCurrency,training,335,1,137,11854,0.011557280242955964
r/CryptoCurrency,training,340,3,136,11854,0.011472920533153366
r/CryptoCurrency,training,341,1,133,11854,0.011219841403745571
r/CryptoCurrency,training,345,1,132,11854,0.011135481693942973
r/CryptoCurrency,training,346,1,131,11854,0.011051121984140374
r/CryptoCurrency,training,347,1,130,11854,0.010966762274337776
r/CryptoCurrency,training,350,1,129,11854,0.010882402564535178
r/CryptoCurrency,training,354,1,128,11854,0.010798042854732579
r/CryptoCurrency,training,356,1,127,11854,0.010713683144929981
r/CryptoCurrency,training,360,2,126,11854,0.010629323435127383
r/CryptoCurrency,training,362,1,124,11854,0.010460604015522186
r/CryptoCurrency,training,366,1,123,11854,0.010376244305719588
r/CryptoCurrency,training,370,1,122,11854,0.010291884595916991
r/CryptoCurrency,training,374,1,121,11854,0.010207524886114391
r/CryptoCurrency,training,381,1,120,11854,0.010123165176311793
r/CryptoCurrency,training,385,1,119,11854,0.010038805466509195
r/CryptoCurrency,training,386,1,118,11854,0.0099544457567065977
r/CryptoCurrency,training,387,2,117,11854,0.0098700860469039982
r/CryptoCurrency,training,392,2,115,11854,0.0097013666272988026
r/CryptoCurrency,training,395,1,113,11854,0.0095326472076936054
r/CryptoCurrency,training,402,2,112,11854,0.0094482874978910076
r/CryptoCurrency,training,403,1,110,11854,0.0092795680782858103
r/CryptoCurrency,training,405,1,109,11854,0.0091952083684832125
r/CryptoCurrency,training,406,1,108,11854,0.0091108486586806148
r/CryptoCurrency,training,409,1,107,11854,0.0090264889488780153
r/CryptoCurrency,training,410,1,106,11854,0.0089421292390754175
r/CryptoCurrency,training,413,1,105,11854,0.0088577695292728197
r/CryptoCurrency,training,418,1,104,11854,0.0087734098194702202
r/CryptoCurrency,training,420,1,103,11854,0.0086890501096676225
r/CryptoCurrency,training,421,2,102,11854,0.0086046903998650247
r/CryptoCurrency,training,422,1,100,11854,0.0084359709802598274
r/CryptoCurrency,training,430,1,99,11854,0.0083516112704572296
r/CryptoCurrency,training,434,1,98,11854,0.0082672515606546319
r/CryptoCurrency,training,440,1,97,11854,0.0081828918508520324
r/CryptoCurrency,training,442,1,96,11854,0.0080985321410494346
r/CryptoCurrency,training,443,1,95,11854,0.0080141724312468368
r/CryptoCurrency,training,444,1,94,11854,0.007929812721444239
r/CryptoCurrency,training,446,3,93,11854,0.0078454530116416395
r/CryptoCurrency,training,447,1,90,11854,0.0075923738822338454
r/CryptoCurrency,training,452,1,89,11854,0.0075080141724312467
r/CryptoCurrency,training,454,1,88,11854,0.0074236544626286489
r/CryptoCurrency,training,458,1,87,11854,0.0073392947528260503
r/CryptoCurrency,training,460,1,86,11854,0.0072549350430234517
r/CryptoCurrency,training,461,1,85,11854,0.0071705753332208539
r/CryptoCurrency,training,473,1,84,11854,0.0070862156234182553
r/CryptoCurrency,training,475,1,83,11854,0.0070018559136156575
r/CryptoCurrency,training,481,2,82,11854,0.0069174962038130589
r/CryptoCurrency,training,494,2,80,11854,0.0067487767842078624
r/CryptoCurrency,training,504,1,78,11854,0.006580057364602666
r/CryptoCurrency,training,505,2,77,11854,0.0064956976548000674
r/CryptoCurrency,training,512,2,75,11854,0.006326978235194871
r/CryptoCurrency,training,514,1,73,11854,0.0061582588155896746
r/CryptoCurrency,training,529,1,72,11854,0.0060738991057870759
r/CryptoCurrency,training,530,1,71,11854,0.0059895393959844782
r/CryptoCurrency,training,531,1,70,11854,0.0059051796861818795
r/CryptoCurrency,training,532,1,69,11854,0.0058208199763792809
r/CryptoCurrency,training,536,1,68,11854,0.0057364602665766831
r/CryptoCurrency,training,542,1,67,11854,0.0056521005567740845
r/CryptoCurrency,training,543,1,66,11854,0.0055677408469714867
r/CryptoCurrency,training,548,1,65,11854,0.0054833811371688881
r/CryptoCurrency,training,550,2,64,11854,0.0053990214273662894
r/CryptoCurrency,training,559,1,62,11854,0.005230302007761093
r/CryptoCurrency,training,580,1,61,11854,0.0051459422979584953
r/CryptoCurrency,training,587,1,60,11854,0.0050615825881558966
r/CryptoCurrency,training,588,1,59,11854,0.0049772228783532988
r/CryptoCurrency,training,597,2,58,11854,0.0048928631685507002
r/CryptoCurrency,training,605,1,56,11854,0.0047241437489455038
r/CryptoCurrency,training,632,1,55,11854,0.0046397840391429052
r/CryptoCurrency,training,640,1,54,11854,0.0045554243293403074
r/CryptoCurrency,training,668,1,53,11854,0.0044710646195377087
r/CryptoCurrency,training,674,1,52,11854,0.0043867049097351101
r/CryptoCurrency,training,676,1,51,11854,0.0043023451999325123
r/CryptoCurrency,training,693,1,50,11854,0.0042179854901299137
r/CryptoCurrency,training,711,1,49,11854,0.0041336257803273159
r/CryptoCurrency,training,728,1,48,11854,0.0040492660705247173
r/CryptoCurrency,training,731,1,47,11854,0.0039649063607221195
r/CryptoCurrency,training,744,1,46,11854,0.0038805466509195209
r/CryptoCurrency,training,747,1,45,11854,0.0037961869411169227
r/CryptoCurrency,training,754,1,44,11854,0.0037118272313143245
r/CryptoCurrency,training,756,1,43,11854,0.0036274675215117258
r/CryptoCurrency,training,758,1,42,11854,0.0035431078117091276
r/CryptoCurrency,training,779,1,41,11854,0.0034587481019065294
r/CryptoCurrency,training,789,1,40,11854,0.0033743883921039312
r/CryptoCurrency,training,820,1,39,11854,0.003290028682301333
r/CryptoCurrency,training,834,1,38,11854,0.0032056689724987348
r/CryptoCurrency,training,856,1,37,11854,0.0031213092626961362
r/CryptoCurrency,training,895,1,36,11854,0.003036949552893538
r/CryptoCurrency,training,959,1,35,11854,0.0029525898430909398
r/CryptoCurrency,training,965,1,34,11854,0.0028682301332883416
r/CryptoCurrency,training,997,1,33,11854,0.0027838704234857434
r/CryptoCurrency,training,1036,1,32,11854,0.0026995107136831447
r/CryptoCurrency,training,1099,1,31,11854,0.0026151510038805465
r/CryptoCurrency,training,1101,1,30,11854,0.0025307912940779483
r/CryptoCurrency,training,1164,1,29,11854,0.0024464315842753501
r/CryptoCurrency,training,1190,1,28,11854,0.0023620718744727519
r/CryptoCurrency,training,1230,1,27,11854,0.0022777121646701537
r/CryptoCurrency,training,1695,1,26,11854,0.0021933524548675551
r/CryptoCurrency,training,2374,1,25,11854,0.0021089927450649569
r/CryptoCurrency,training,2465,1,24,11854,0.0020246330352623586
r/CryptoCurrency,training,2508,1,23,11854,0.0019402733254597604
r/CryptoCurrency,training,2541,1,22,11854,0.0018559136156571622
r/CryptoCurrency,training,2561,1,21,11854,0.0017715539058545638
r/CryptoCurrency,training,2634,1,20,11854,0.0016871941960519656
r/CryptoCurrency,training,2659,1,19,11854,0.0016028344862493674
r/CryptoCurrency,training,2685,1,18,11854,0.001518474776446769
r/CryptoCurrency,training,2745,1,17,11854,0.0014341150666441708
r/CryptoCurrency,training,2783,1,16,11854,0.0013497553568415724
r/CryptoCurrency,training,2851,1,15,11854,0.0012653956470389742
r/CryptoCurrency,training,3005,1,14,11854,0.0011810359372363759
r/CryptoCurrency,training,3023,1,13,11854,0.0010966762274337775
r/CryptoCurrency,training,3055,1,12,11854,0.0010123165176311793
r/CryptoCurrency,training,3270,1,11,11854,0.00092795680782858112
r/CryptoCurrency,training,3299,1,10,11854,0.00084359709802598281
r/CryptoCurrency,training,3337,1,9,11854,0.00075923738822338449
r/CryptoCurrency,training,3346,1,8,11854,0.00067487767842078618
r/CryptoCurrency,training,3457,1,7,11854,0.00059051796861818797
r/CryptoCurrency,training,3465,1,6,11854,0.00050615825881558966
r/CryptoCurrency,training,3813,1,5,11854,0.0004217985490129914
r/CryptoCurrency,training,3959,1,4,11854,0.00033743883921039309
r/CryptoCurrency,training,4106,1,3,11854,0.00025307912940779483
r/CryptoCurrency,training,4198,1,2,11854,0.00016871941960519654
r/CryptoCurrency,training,4367,1,1,11854,8.4359709802598272e-05
r/CryptoCurrency,held_out,1,1692,2964,2964,1
r/CryptoCurrency,held_out,2,172,1272,2964,0.4291497975708502
r/CryptoCurrency,held_out,3,77,1100,2964,0.37112010796221323
r/CryptoCurrency,held_out,4,49,1023,2964,0.34514170040485831
r/CryptoCurrency,held_out,5,35,974,2964,0.32860998650472334
r/CryptoCurrency,held_out,6,35,939,2964,0.3168016194331984
r/CryptoCurrency,held_out,7,34,904,2964,0.30499325236167341
r/CryptoCurrency,held_out,8,28,870,2964,0.29352226720647773
r/CryptoCurrency,held_out,9,39,842,2964,0.28407557354925778
r/CryptoCurrency,held_out,10,41,803,2964,0.27091767881241563
r/CryptoCurrency,held_out,11,18,762,2964,0.25708502024291496
r/CryptoCurrency,held_out,12,28,744,2964,0.25101214574898784
r/CryptoCurrency,held_out,13,25,716,2964,0.24156545209176788
r/CryptoCurrency,held_out,14,26,691,2964,0.23313090418353577
r/CryptoCurrency,held_out,15,27,665,2964,0.22435897435897437
r/CryptoCurrency,held_out,16,28,638,2964,0.21524966261808368
r/CryptoCurrency,held_out,17,22,610,2964,0.2058029689608637
r/CryptoCurrency,held_out,18,27,588,2964,0.19838056680161945
r/CryptoCurrency,held_out,19,22,561,2964,0.18927125506072875
r/CryptoCurrency,held_out,20,17,539,2964,0.18184885290148448
r/CryptoCurrency,held_out,21,13,522,2964,0.17611336032388664
r/CryptoCurrency,held_out,22,15,509,2964,0.17172739541160595
r/CryptoCurrency,held_out,23,20,494,2964,0.16666666666666666
r/CryptoCurrency,held_out,24,19,474,2964,0.15991902834008098
r/CryptoCurrency,held_out,25,12,455,2964,0.15350877192982457
r/CryptoCurrency,held_out,26,5,443,2964,0.14946018893387314
r/CryptoCurrency,held_out,27,12,438,2964,0.14777327935222673
r/CryptoCurrency,held_out,28,8,426,2964,0.1437246963562753
r/CryptoCurrency,held_out,29,9,418,2964,0.14102564102564102
r/CryptoCurrency,held_out,30,12,409,2964,0.13798920377867746
r/CryptoCurrency,held_out,31,9,397,2964,0.13394062078272603
r/CryptoCurrency,held_out,32,12,388,2964,0.13090418353576247
r/CryptoCurrency,held_out,33,16,376,2964,0.12685560053981107
r/CryptoCurrency,held_out,34,10,360,2964,0.1214574898785425
r/CryptoCurrency,held_out,35,12,350,2964,0.11808367071524967
r/CryptoCurrency,held_out,36,6,338,2964,0.11403508771929824
r/CryptoCurrency,held_out,37,11,332,2964,0.11201079622132254
r/CryptoCurrency,held_out,38,4,321,2964,0.1082995951417004
r/CryptoCurrency,held_out,39,8,317,2964,0.10695006747638326
r/CryptoCurrency,held_out,40,14,309,2964,0.10425101214574899
r/CryptoCurrency,held_out,41,8,295,2964,0.099527665317138997
r/CryptoCurrency,held_out,42,3,287,2964,0.096828609986504721
r/CryptoCurrency,held_out,43,6,284,2964,0.095816464237516871
r/CryptoCurrency,held_out,44,5,278,2964,0.093792172739541158
r/CryptoCurrency,held_out,45,8,273,2964,0.092105263157894732
r/CryptoCurrency,held_out,46,2,265,2964,0.089406207827260456
r/CryptoCurrency,held_out,47,5,263,2964,0.088731443994601894
r/CryptoCurrency,held_out,48,5,258,2964,0.087044534412955468
r/CryptoCurrency,held_out,49,5,253,2964,0.085357624831309042
r/CryptoCurrency,held_out,50,11,248,2964,0.083670715249662617
r/CryptoCurrency,held_out,51,6,237,2964,0.079959514170040491
r/CryptoCurrency,held_out,52,4,231,2964,0.077935222672064777
r/CryptoCurrency,held_out,53,7,227,2964,0.076585695006747639
r/CryptoCurrency,held_out,54,1,220,2964,0.074224021592442652
r/CryptoCurrency,held_out,55,5,219,2964,0.073886639676113364
r/CryptoCurrency,held_out,56,4,214,2964,0.072199730094466938
r/CryptoCurrency,held_out,57,4,210,2964,0.0708502024291498
r/CryptoCurrency,held_out,58,5,206,2964,0.069500674763832662
r/CryptoCurrency,held_out,59,4,201,2964,0.067813765182186236
r/CryptoCurrency,held_out,60,2,197,2964,0.066464237516869099
r/CryptoCurrency,held_out,61,3,195,2964,0.065789473684210523
r/CryptoCurrency,held_out,62,2,192,2964,0.064777327935222673
r/CryptoCurrency,held_out,63,4,190,2964,0.064102564102564097
r/CryptoCurrency,held_out,64,7,186,2964,0.062753036437246959
r/CryptoCurrency,held_out,65,2,179,2964,0.060391363022941971
r/CryptoCurrency,held_out,66,2,177,2964,0.059716599190283402
r/CryptoCurrency,held_out,68,1,175,2964,0.059041835357624833
r/CryptoCurrency,held_out,69,2,174,2964,0.058704453441295545
r/CryptoCurrency,held_out,70,1,172,2964,0.058029689608636977
r/CryptoCurrency,held_out,71,1,171,2964,0.057692307692307696
r/CryptoCurrency,held_out,72,4,170,2964,0.057354925775978408
r/CryptoCurrency,held_out,73,3,166,2964,0.05600539811066127
r/CryptoCurrency,held_out,74,4,163,2964,0.054993252361673413
r/CryptoCurrency,held_out,75,4,159,2964,0.053643724696356275
r/CryptoCurrency,held_out,76,2,155,2964,0.052294197031039137
r/CryptoCurrency,held_out,77,2,153,2964,0.051619433198380568
r/CryptoCurrency,held_out,78,1,151,2964,0.050944669365721999
r/CryptoCurrency,held_out,79,2,150,2964,0.050607287449392711
r/CryptoCurrency,held_out,80,2,148,2964,0.049932523616734142
r/CryptoCurrency,held_out,82,3,146,2964,0.049257759784075573
r/CryptoCurrency,held_out,84,1,143,2964,0.048245614035087717
r/CryptoCurrency,held_out,85,2,142,2964,0.047908232118758436
r/CryptoCurrency,held_out,87,3,140,2964,0.047233468286099867
r/CryptoCurrency,held_out,89,1,137,2964,0.04622132253711201
r/CryptoCurrency,held_out,90,1,136,2964,0.045883940620782729
r/CryptoCurrency,held_out,91,1,135,2964,0.045546558704453441
r/CryptoCurrency,held_out,93,2,134,2964,0.04520917678812416
r/CryptoCurrency,held_out,94,3,132,2964,0.044534412955465584
r/CryptoCurrency,held_out,95,1,129,2964,0.043522267206477734
r/CryptoCurrency,held_out,97,2,128,2964,0.043184885290148446
r/CryptoCurrency,held_out,98,2,126,2964,0.042510121457489877
r/CryptoCurrency,held_out,99,4,124,2964,0.041835357624831308
r/CryptoCurrency,held_out,101,1,120,2964,0.04048582995951417
r/CryptoCurrency,held_out,102,1,119,2964,0.040148448043184883
r/CryptoCurrency,held_out,104,3,118,2964,0.039811066126855602
r/CryptoCurrency,held_out,105,1,115,2964,0.038798920377867745
r/CryptoCurrency,held_out,106,1,114,2964,0.038461538461538464
r/CryptoCurrency,held_out,108,1,113,2964,0.038124156545209176
r/CryptoCurrency,held_out,111,3,112,2964,0.037786774628879895
r/CryptoCurrency,held_out,113,2,109,2964,0.036774628879892038
r/CryptoCurrency,held_out,114,2,107,2964,0.036099865047233469
r/CryptoCurrency,held_out,115,1,105,2964,0.0354251012145749
r/CryptoCurrency,held_out,118,2,104,2964,0.035087719298245612
r/CryptoCurrency,held_out,119,2,102,2964,0.034412955465587043
r/CryptoCurrency,held_out,121,2,100,2964,0.033738191632928474
r/CryptoCurrency,held_out,126,1,98,2964,0.033063427800269905
r/CryptoCurrency,held_out,128,1,97,2964,0.032726045883940617
r/CryptoCurrency,held_out,131,3,96,2964,0.032388663967611336
r/CryptoCurrency,held_out,132,2,93,2964,0.03137651821862348
r/CryptoCurrency,held_out,133,1,91,2964,0.030701754385964911
r/CryptoCurrency,held_out,135,1,90,2964,0.030364372469635626
r/CryptoCurrency,held_out,136,3,89,2964,0.030026990553306342
r/CryptoCurrency,held_out,138,1,86,2964,0.029014844804318488
r/CryptoCurrency,held_out,142,1,85,2964,0.028677462887989204
r/CryptoCurrency,held_out,143,2,84,2964,0.028340080971659919
r/CryptoCurrency,held_out,146,1,82,2964,0.02766531713900135
r/CryptoCurrency,held_out,147,1,81,2964,0.027327935222672066
r/CryptoCurrency,held_out,148,1,80,2964,0.026990553306342781
r/CryptoCurrency,held_out,150,1,79,2964,0.026653171390013497
r/CryptoCurrency,held_out,152,1,78,2964,0.026315789473684209
r/CryptoCurrency,held_out,154,1,77,2964,0.025978407557354925
r/CryptoCurrency,held_out,156,1,76,2964,0.02564102564102564
r/CryptoCurrency,held_out,159,2,75,2964,0.025303643724696356
r/CryptoCurrency,held_out,161,1,73,2964,0.024628879892037787
r/CryptoCurrency,held_out,162,1,72,2964,0.024291497975708502
r/CryptoCurrency,held_out,163,1,71,2964,0.023954116059379218
r/CryptoCurrency,held_out,176,2,70,2964,0.023616734143049933
r/CryptoCurrency,held_out,177,1,68,2964,0.022941970310391364
r/CryptoCurrency,held_out,178,1,67,2964,0.02260458839406208
r/CryptoCurrency,held_out,184,1,66,2964,0.022267206477732792
r/CryptoCurrency,held_out,189,2,65,2964,0.021929824561403508
r/CryptoCurrency,held_out,191,1,63,2964,0.021255060728744939
r/CryptoCurrency,held_out,192,2,62,2964,0.020917678812415654
r/CryptoCurrency,held_out,197,2,60,2964,0.020242914979757085
r/CryptoCurrency,held_out,200,1,58,2964,0.019568151147098516
r/CryptoCurrency,held_out,201,1,57,2964,0.019230769230769232
r/CryptoCurrency,held_out,205,1,56,2964,0.018893387314439947
r/CryptoCurrency,held_out,209,1,55,2964,0.018556005398110663
r/CryptoCurrency,held_out,212,1,54,2964,0.018218623481781375
r/CryptoCurrency,held_out,214,3,53,2964,0.017881241565452091
r/CryptoCurrency,held_out,215,1,50,2964,0.016869095816464237
r/CryptoCurrency,held_out,218,1,49,2964,0.016531713900134953
r/CryptoCurrency,held_out,219,1,48,2964,0.016194331983805668
r/CryptoCurrency,held_out,229,1,47,2964,0.015856950067476384
r/CryptoCurrency,held_out,238,1,46,2964,0.015519568151147099
r/CryptoCurrency,held_out,245,1,45,2964,0.015182186234817813
r/CryptoCurrency,held_out,260,1,44,2964,0.014844804318488529
r/CryptoCurrency,held_out,269,1,43,2964,0.014507422402159244
r/CryptoCurrency,held_out,271,1,42,2964,0.01417004048582996
r/CryptoCurrency,held_out,272,2,41,2964,0.013832658569500675
r/CryptoCurrency,held_out,276,1,39,2964,0.013157894736842105
r/CryptoCurrency,held_out,289,1,38,2964,0.01282051282051282
r/CryptoCurrency,held_out,304,1,37,2964,0.012483130904183536
r/CryptoCurrency,held_out,306,1,36,2964,0.012145748987854251
r/CryptoCurrency,held_out,311,2,35,2964,0.011808367071524967
r/CryptoCurrency,held_out,327,2,33,2964,0.011133603238866396
r/CryptoCurrency,held_out,336,1,31,2964,0.010458839406207827
r/CryptoCurrency,held_out,337,1,30,2964,0.010121457489878543
r/CryptoCurrency,held_out,347,1,29,2964,0.0097840755735492582
r/CryptoCurrency,held_out,366,1,28,2964,0.0094466936572199737
r/CryptoCurrency,held_out,380,1,27,2964,0.0091093117408906875
r/CryptoCurrency,held_out,398,1,26,2964,0.008771929824561403
r/CryptoCurrency,held_out,401,1,25,2964,0.0084345479082321186
r/CryptoCurrency,held_out,402,1,24,2964,0.0080971659919028341
r/CryptoCurrency,held_out,423,1,23,2964,0.0077597840755735496
r/CryptoCurrency,held_out,430,1,22,2964,0.0074224021592442643
r/CryptoCurrency,held_out,451,1,21,2964,0.0070850202429149798
r/CryptoCurrency,held_out,493,1,20,2964,0.0067476383265856954
r/CryptoCurrency,held_out,500,1,19,2964,0.00641025641025641
r/CryptoCurrency,held_out,505,1,18,2964,0.0060728744939271256
r/CryptoCurrency,held_out,545,1,17,2964,0.0057354925775978411
r/CryptoCurrency,held_out,551,1,16,2964,0.0053981106612685558
r/CryptoCurrency,held_out,594,1,15,2964,0.0050607287449392713
r/CryptoCurrency,held_out,602,1,14,2964,0.0047233468286099868
r/CryptoCurrency,held_out,604,1,13,2964,0.0043859649122807015
r/CryptoCurrency,held_out,629,1,12,2964,0.004048582995951417
r/CryptoCurrency,held_out,645,1,11,2964,0.0037112010796221321
r/CryptoCurrency,held_out,719,1,10,2964,0.0033738191632928477
r/CryptoCurrency,held_out,726,1,9,2964,0.0030364372469635628
r/CryptoCurrency,held_out,743,1,8,2964,0.0026990553306342779
r/CryptoCurrency,held_out,819,1,7,2964,0.0023616734143049934
r/CryptoCurrency,held_out,2088,1,6,2964,0.0020242914979757085
r/CryptoCurrency,held_out,2700,1,5,2964,0.0016869095816464238
r/CryptoCurrency,held_out,2767,1,4,2964,0.0013495276653171389
r/CryptoCurrency,held_out,3097,1,3,2964,0.0010121457489878543
r/CryptoCurrency,held_out,3629,1,2,2964,0.00067476383265856947
r/CryptoCurrency,held_out,4022,1,1,2964,0.00033738191632928474
r/politics,training,1,18814,52274,52274,1
r/politics,training,2,2717,33460,52274,0.64008876305620388
r/politics,training,3,1796,30743,52274,0.5881126372575276
r/politics,training,4,1560,28947,52274,0.55375521291655505
r/politics,training,5,1327,27387,52274,0.52391246126181279
r/politics,training,6,1263,26060,52274,0.49852699238627235
r/politics,training,7,1076,24797,52274,0.47436584152733674
r/politics,training,8,969,23721,52274,0.45378199487316828
r/politics,training,9,1009,22752,52274,0.43524505490301107
r/politics,training,10,905,21743,52274,0.41594291617247581
r/politics,training,11,812,20838,52274,0.39863029421892338
r/politics,training,12,736,20026,52274,0.38309675938324977
r/politics,training,13,723,19290,52274,0.36901710219229444
r/politics,training,14,723,18567,52274,0.35518613459846193
r/politics,training,15,594,17844,52274,0.34135516700462948
r/politics,training,16,607,17250,52274,0.32999196541301601
r/politics,training,17,569,16643,52274,0.31838007422427977
r/politics,training,18,503,16074,52274,0.30749512185790256
r/politics,training,19,513,15571,52274,0.29787274744614911
r/politics,training,20,464,15058,52274,0.2880590733443012
r/politics,training,21,448,14594,52274,0.27918276772391631
r/politics,training,22,400,14146,52274,0.27061254160768261
r/politics,training,23,389,13746,52274,0.2629605540039025
r/politics,training,24,383,13357,52274,0.2555189960592264
r/politics,training,25,390,12974,52274,0.24819221792860696
r/politics,training,26,328,12584,52274,0.24073153001492137
r/politics,training,27,329,12256,52274,0.23445690017982171
r/politics,training,28,339,11927,52274,0.22816314037571259
r/politics,training,29,339,11588,52274,0.22167808088150898
r/politics,training,30,322,11249,52274,0.21519302138730534
r/politics,training,31,276,10927,52274,0.2090331713662624
r/politics,training,32,277,10651,52274,0.20375329991965413
r/politics,training,33,252,10374,52274,0.19845429850403642
r/politics,training,34,241,10122,52274,0.19363354631365498
r/politics,training,35,238,9881,52274,0.18902322378237749
r/politics,training,36,255,9643,52274,0.18447029115812832
r/politics,training,37,232,9388,52274,0.17959214906071852
r/politics,training,38,203,9156,52274,0.17515399625052608
r/politics,training,39,203,8953,52274,0.17127061254160769
r/politics,training,40,197,8750,52274,0.16738722883268928
r/politics,training,41,182,8553,52274,0.16361862493782761
r/politics,training,42,168,8371,52274,0.16013697057810766
r/politics,training,43,164,8203,52274,0.15692313578452002
r/politics,training,44,171,8039,52274,0.15378582086697021
r/politics,training,45,161,7868,52274,0.15051459616635421
r/politics,training,46,144,7707,52274,0.14743467115583272
r/politics,training,47,132,7563,52274,0.14467995561847191
r/politics,training,48,115,7431,52274,0.14215479970922448
r/politics,training,49,136,7316,52274,0.1399548532731377
r/politics,training,50,130,7180,52274,0.13735317748785247
r/politics,training,51,119,7050,52274,0.13486628151662394
r/politics,training,52,123,6931,52274,0.13258981520449936
r/politics,training,53,121,6808,52274,0.13023682901633699
r/politics,training,54,133,6687,52274,0.12792210276619351
r/politics,training,55,105,6554,52274,0.12537781688793664
r/politics,training,56,114,6449,52274,0.12336917014194437
r/politics,training,57,106,6335,52274,0.12118835367486705
r/politics,training,58,85,6229,52274,0.11916057695986533
r/politics,training,59,105,6144,52274,0.11753452959406206
r/politics,training,60,70,6039,52274,0.11552588284806979
r/politics,training,61,86,5969,52274,0.11418678501740827
r/politics,training,62,98,5883,52274,0.11254160768259555
r/politics,training,63,69,5785,52274,0.11066687071966944
r/politics,training,64,86,5716,52274,0.10934690285801738
r/politics,training,65,94,5630,52274,0.10770172552320466
r/politics,training,66,74,5536,52274,0.10590350843631634
r/politics,training,67,72,5462,52274,0.10448789072961702
r/politics,training,68,83,5390,52274,0.1031105329609366
r/politics,training,69,65,5307,52274,0.10152274553315224
r/politics,training,70,57,5242,52274,0.10027929754753798
r/politics,training,71,65,5185,52274,0.099188889313999315
r/politics,training,72,68,5120,52274,0.097945441328385049
r/politics,training,73,70,5052,52274,0.096644603435742438
r/politics,training,74,66,4982,52274,0.095305505605080915
r/politics,training,75,51,4916,52274,0.0940429276504572
r/politics,training,76,40,4865,52274,0.093067299230975245
r/politics,training,77,63,4825,52274,0.09230210047059724
r/politics,training,78,46,4762,52274,0.091096912423001872
r/politics,training,79,48,4716,52274,0.09021693384856716
r/politics,training,80,53,4668,52274,0.089298695336113551
r/politics,training,81,56,4615,52274,0.088284806978612698
r/politics,training,82,41,4559,52274,0.087213528714083485
r/politics,training,83,41,4518,52274,0.086429199984696031
r/politics,training,84,51,4477,52274,0.085644871255308563
r/politics,training,85,45,4426,52274,0.084669242835826608
r/politics,training,86,38,4381,52274,0.083808394230401345
r/politics,training,87,34,4343,52274,0.083081455408042237
r/politics,training,88,60,4309,52274,0.082431036461720938
r/politics,training,89,34,4249,52274,0.081283238321153917
r/politics,training,90,38,4215,52274,0.080632819374832618
r/politics,training,91,37,4177,52274,0.07990588055247351
r/politics,training,92,43,4140,52274,0.079198071699123851
r/politics,training,93,41,4097,52274,0.078375483031717486
r/politics,training,94,32,4056,52274,0.077591154302330032
r/politics,training,95,41,4024,52274,0.07697899529402763
r/politics,training,96,32,3983,52274,0.076194666564640162
r/politics,training,97,34,3951,52274,0.075582507556337761
r/politics,training,98,29,3917,52274,0.074932088610016448
r/politics,training,99,27,3888,52274,0.074377319508742393
r/politics,training,100,25,3861,52274,0.073860810345487235
r/politics,training,101,26,3836,52274,0.073382561120250989
r/politics,training,102,32,3810,52274,0.07288518192600528
r/politics,training,103,25,3778,52274,0.072273022917702878
r/politics,training,104,26,3753,52274,0.071794773692466618
r/politics,training,105,35,3727,52274,0.071297394498220909
r/politics,training,106,24,3692,52274,0.070627845582890161
r/politics,training,107,35,3668,52274,0.07016872632666335
r/politics,training,108,29,3633,52274,0.069499177411332588
r/politics,training,109,32,3604,52274,0.068944408310058533
r/politics,training,110,29,3572,52274,0.068332249301756132
r/politics,training,111,18,3543,52274,0.067777480200482076
r/politics,training,112,23,3525,52274,0.067433140758311971
r/politics,training,113,26,3502,52274,0.066993151471094622
r/politics,training,114,17,3476,52274,0.066495772276848913
r/politics,training,115,26,3459,52274,0.066170562803688257
r/politics,training,116,15,3433,52274,0.065673183609442548
r/politics,training,117,22,3418,52274,0.065386234074300803
r/politics,training,118,32,3396,52274,0.064965374756092889
r/politics,training,119,23,3364,52274,0.064353215747790488
r/politics,training,120,17,3341,52274,0.063913226460573139
r/politics,training,121,25,3324,52274,0.063588016987412482
r/politics,training,122,18,3299,52274,0.063109767762176222
r/politics,training,123,15,3281,52274,0.062765428320006117
r/politics,training,124,25,3266,52274,0.062478478784864372
r/politics,training,125,19,3241,52274,0.062000229559628112
r/politics,training,126,22,3222,52274,0.061636760148448558
r/politics,training,127,21,3200,52274,0.061215900830240658
r/politics,training,128,21,3179,52274,0.060814171481042199
r/politics,training,129,21,3158,52274,0.060412442131843748
r/politics,training,130,27,3137,52274,0.06001071278264529
r/politics,training,131,16,3110,52274,0.059494203619390139
r/politics,training,132,25,3094,52274,0.059188124115238931
r/politics,training,133,18,3069,52274,0.058709874890002678
r/politics,training,134,9,3051,52274,0.058365535447832573
r/politics,training,135,17,3042,52274,0.05819336572674752
r/politics,training,136,9,3025,52274,0.057868156253586871
r/politics,training,137,11,3016,52274,0.057695986532501818
r/politics,training,138,16,3005,52274,0.057485556873397868
r/politics,training,139,11,2989,52274,0.05717947736924666
r/politics,training,140,21,2978,52274,0.05696904771014271
r/politics,training,141,18,2957,52274,0.056567318360944252
r/politics,training,142,21,2939,52274,0.056222978918774154
r/politics,training,143,16,2918,52274,0.055821249569575696
r/politics,training,144,15,2902,52274,0.055515170065424495
r/politics,training,145,11,2887,52274,0.055228220530282743
r/politics,training,146,15,2876,52274,0.055017790871178786
r/politics,training,147,17,2861,52274,0.054730841336037034
r/politics,training,148,15,2844,52274,0.054405631862876384
r/politics,training,149,18,2829,52274,0.054118682327734632
r/politics,training,150,8,2811,52274,0.053774342885564527
r/politics,training,151,9,2803,52274,0.053621303133488923
r/politics,training,152,12,2794,52274,0.053449133412403871
r/politics,training,153,13,2782,52274,0.053219573784290472
r/politics,training,154,8,2769,52274,0.052970884187167618
r/politics,training,155,14,2761,52274,0.052817844435092014
r/politics,training,156,24,2747,52274,0.05255002486895971
r/politics,training,157,9,2723,52274,0.052090905612732906
r/politics,training,158,11,2714,52274,0.051918735891647853
r/politics,training,159,10,2703,52274,0.051708306232543903
r/politics,training,160,10,2693,52274,0.051517006542449402
r/politics,training,161,11,2683,52274,0.051325706852354901
r/politics,training,162,10,2672,52274,0.051115277193250944
r/politics,training,163,13,2662,52274,0.050923977503156442
r/politics,training,164,9,2649,52274,0.050675287906033595
r/politics,training,165,15,2640,52274,0.050503118184948542
r/politics,training,166,11,2625,52274,0.05021616864980679
r/politics,training,167,7,2614,52274,0.050005738990702833
r/politics,training,168,9,2607,52274,0.049871829207636685
r/politics,training,169,10,2598,52274,0.049699659486551633
r/politics,training,170,7,2588,52274,0.049508359796457131
r/politics,training,171,10,2581,52274,0.049374450013390976
r/politics,training,172,11,2571,52274,0.049183150323296475
r/politics,training,173,11,2560,52274,0.048972720664192525
r/politics,training,174,14,2549,52274,0.048762291005088575
r/politics,training,175,6,2535,52274,0.048494471438956271
r/politics,training,176,11,2529,52274,0.048379691624899565
r/politics,training,177,12,2518,52274,0.048169261965795615
r/politics,training,178,10,2506,52274,0.047939702337682216
r/politics,training,179,7,2496,52274,0.047748402647587708
r/politics,training,180,8,2489,52274,0.04761449286452156
r/politics,training,181,5,2481,52274,0.047461453112445956
r/politics,training,182,9,2476,52274,0.047365803267398705
r/politics,training,183,11,2467,52274,0.047193633546313653
r/politics,training,184,11,2456,52274,0.046983203887209703
r/politics,training,185,3,2445,52274,0.046772774228105753
r/politics,training,186,12,2442,52274,0.046715384321077399
r/politics,training,187,8,2430,52274,0.046485824692964001
r/politics,training,188,6,2422,52274,0.046332784940888397
r/politics,training,189,5,2416,52274,0.046218005126831697
r/politics,training,190,9,2411,52274,0.046122355281784447
r/politics,training,191,11,2402,52274,0.045950185560699394
r/politics,training,192,5,2391,52274,0.045739755901595437
r/politics,training,193,8,2386,52274,0.045644106056548187
r/politics,training,194,9,2378,52274,0.04549106630447259
r/politics,training,195,12,2369,52274,0.045318896583387537
r/politics,training,196,13,2357,52274,0.045089336955274131
r/politics,training,197,14,2344,52274,0.044840647358151277
r/politics,training,198,10,2330,52274,0.044572827792018974
r/politics,training,199,9,2320,52274,0.044381528101924472
r/politics,training,200,5,2311,52274,0.04420935838083942
r/politics,training,201,7,2306,52274,0.044113708535792169
r/politics,training,202,12,2299,52274,0.043979798752726021
r/politics,training,203,8,2287,52274,0.043750239124612615
r/politics,training,204,8,2279,52274,0.043597199372537018
r/politics,training,205,8,2271,52274,0.043444159620461414
r/politics,training,206,9,2263,52274,0.043291119868385811
r/politics,training,207,3,2254,52274,0.043118950147300758
r/politics,training,208,7,2251,52274,0.043061560240272412
r/politics,training,209,6,2244,52274,0.042927650457206257
r/politics,training,210,7,2238,52274,0.042812870643149557
r/politics,training,211,9,2231,52274,0.042678960860083409
r/politics,training,212,7,2222,52274,0.042506791138998357
r/politics,training,213,7,2215,52274,0.042372881355932202
r/politics,training,214,10,2208,52274,0.042238971572866053
r/politics,training,215,7,2198,52274,0.042047671882771552
r/politics,training,216,7,2191,52274,0.041913762099705397
r/politics,training,217,6,2184,52274,0.041779852316639249
r/politics,training,218,6,2178,52274,0.041665072502582542
r/politics,training,219,9,2172,52274,0.041550292688525843
r/politics,training,220,10,2163,52274,0.04137812296744079
r/politics,training,221,3,2153,52274,0.041186823277346289
r/politics,training,222,9,2150,52274,0.041129433370317943
r/politics,training,223,9,2141,52274,0.04095726364923289
r/politics,training,224,6,2132,52274,0.040785093928147838
r/politics,training,225,6,2126,52274,0.040670314114091138
r/politics,training,226,8,2120,52274,0.040555534300034432
r/politics,training,227,5,2112,52274,0.040402494547958835
r/politics,training,228,4,2107,52274,0.040306844702911584
r/politics,training,229,10,2103,52274,0.040230324826873783
r/politics,training,230,4,2093,52274,0.040039025136779281
r/politics,training,231,5,2089,52274,0.039962505260741479
r/politics,training,232,8,2084,52274,0.039866855415694229
r/politics,training,233,7,2076,52274,0.039713815663618625
r/politics,training,234,4,2069,52274,0.039579905880552477
r/politics,training,235,9,2065,52274,0.039503386004514675
r/politics,training,236,5,2056,52274,0.039331216283429622
r/politics,training,237,8,2051,52274,0.039235566438382372
r/politics,training,238,8,2043,52274,0.039082526686306768
r/politics,training,239,5,2035,52274,0.038929486934231164
r/politics,training,240,11,2030,52274,0.038833837089183913
r/politics,training,241,8,2019,52274,0.038623407430079963
r/politics,training,242,7,2011,52274,0.038470367678004359
r/politics,training,243,6,2004,52274,0.038336457894938211
r/politics,training,244,8,1998,52274,0.038221678080881512
r/politics,training,245,5,1990,52274,0.038068638328805908
r/politics,training,246,2,1985,52274,0.037972988483758657
r/politics,training,247,5,1983,52274,0.037934728545739753
r/politics,training,248,9,1978,52274,0.037839078700692502
r/politics,training,249,7,1969,52274,0.03766690897960745
r/politics,training,250,4,1962,52274,0.037532999196541302
r/politics,training,251,5,1958,52274,0.0374564793205035
r/politics,training,252,4,1953,52274,0.037360829475456249
r/politics,training,253,7,1949,52274,0.037284309599418447
r/politics,training,254,10,1942,52274,0.037150399816352299
r/politics,training,255,8,1932,52274,0.036959100126257798
r/politics,training,256,4,1924,52274,0.036806060374182194
r/politics,training,257,5,1920,52274,0.036729540498144392
r/politics,training,258,6,1915,52274,0.036633890653097141
r/politics,training,259,9,1909,52274,0.036519110839040442
r/politics,training,260,5,1900,52274,0.036346941117955389
r/politics,training,261,2,1895,52274,0.036251291272908139
r/politics,training,262,8,1893,52274,0.036213031334889234
r/politics,training,263,5,1885,52274,0.036059991582813637
r/politics,training,264,6,1880,52274,0.035964341737766387
r/politics,training,265,5,1874,52274,0.03584956192370968
r/politics,training,266,5,1869,52274,0.03575391207866243
r/politics,training,267,4,1864,52274,0.035658262233615179
r/politics,training,268,10,1860,52274,0.035581742357577384
r/politics,training,269,5,1850,52274,0.035390442667482876
r/politics,training,270,6,1845,52274,0.035294792822435625
r/politics,training,271,6,1839,52274,0.035180013008378926
r/politics,training,272,5,1833,52274,0.035065233194322226
r/politics,training,273,8,1828,52274,0.034969583349274976
r/politics,training,274,5,1820,52274,0.034816543597199372
r/politics,training,275,7,1815,52274,0.034720893752152121
r/politics,training,276,10,1808,52274,0.034586983969085973
r/politics,training,277,5,1798,52274,0.034395684278991465
r/politics,training,278,6,1793,52274,0.034300034433944214
r/politics,training,279,6,1787,52274,0.034185254619887515
r/politics,training,280,4,1781,52274,0.034070474805830815
r/politics,training,281,7,1777,52274,0.033993954929793013
r/politics,training,282,1,1770,52274,0.033860045146726865
r/politics,training,283,6,1769,52274,0.033840915177717409
r/politics,training,284,3,1763,52274,0.03372613536366071
r/politics,training,285,5,1760,52274,0.033668745456632357
r/politics,training,286,2,1755,52274,0.033573095611585106
r/politics,training,287,7,1753,52274,0.033534835673566209
r/politics,training,288,2,1746,52274,0.033400925890500061
r/politics,training,289,6,1744,52274,0.033362665952481156
r/politics,training,290,5,1738,52274,0.033247886138424457
r/politics,training,291,4,1733,52274,0.033152236293377206
r/politics,training,292,3,1729,52274,0.033075716417339404
r/politics,training,293,1,1726,52274,0.033018326510311051
r/politics,training,294,8,1725,52274,0.032999196541301602
r/politics,training,295,2,1717,52274,0.032846156789225998
r/politics,training,296,3,1715,52274,0.032807896851207101
r/politics,training,297,5,1712,52274,0.032750506944178748
r/politics,training,298,6,1707,52274,0.032654857099131497
r/politics,training,299,7,1701,52274,0.032540077285074798
r/politics,training,300,4,1694,52274,0.03240616750200865
r/politics,training,301,5,1690,52274,0.032329647625970848
r/politics,training,302,2,1685,52274,0.032233997780923597
r/politics,training,303,5,1683,52274,0.032195737842904693
r/politics,training,304,2,1678,52274,0.032100087997857442
r/politics,training,305,4,1676,52274,0.032061828059838544
r/politics,training,306,4,1672,52274,0.031985308183800742
r/politics,training,307,1,1668,52274,0.031908788307762941
r/politics,training,308,2,1667,52274,0.031889658338753492
r/politics,training,309,6,1665,52274,0.031851398400734587
r/politics,training,310,8,1659,52274,0.031736618586677888
r/politics,training,311,3,1651,52274,0.031583578834602291
r/politics,training,312,4,1648,52274,0.031526188927573938
r/politics,training,313,1,1644,52274,0.031449669051536136
r/politics,training,314,3,1643,52274,0.031430539082526687
r/politics,training,315,3,1640,52274,0.031373149175498334
r/politics,training,316,1,1637,52274,0.031315759268469988
r/politics,training,317,9,1636,52274,0.031296629299460532
r/politics,training,318,4,1627,52274,0.031124459578375483
r/politics,training,319,6,1623,52274,0.031047939702337681
r/politics,training,320,5,1617,52274,0.030933159888280982
r/politics,training,321,5,1612,52274,0.030837510043233731
r/politics,training,322,1,1607,52274,0.03074186019818648
r/politics,training,323,1,1606,52274,0.030722730229177028
r/politics,training,324,3,1605,52274,0.030703600260167579
r/politics,training,325,3,1602,52274,0.030646210353139226
r/politics,training,326,2,1599,52274,0.030588820446110877
r/politics,training,327,2,1597,52274,0.030550560508091976
r/politics,training,328,3,1595,52274,0.030512300570073078
r/politics,training,329,3,1592,52274,0.030454910663044725
r/politics,training,330,1,1589,52274,0.030397520756016375
r/politics,training,331,3,1588,52274,0.030378390787006927
r/politics,training,332,8,1585,52274,0.030321000879978573
r/politics,training,333,4,1577,52274,0.030167961127902973
r/politics,training,334,4,1573,52274,0.030091441251865171
r/politics,training,335,6,1569,52274,0.030014921375827373
r/politics,training,336,2,1563,52274,0.02990014156177067
r/politics,training,337,6,1561,52274,0.029861881623751769
r/politics,training,338,4,1555,52274,0.029747101809695069
r/politics,training,339,1,1551,52274,0.029670581933657268
r/politics,training,340,4,1550,52274,0.029651451964647819
r/politics,training,341,4,1546,52274,0.029574932088610017
r/politics,training,342,7,1542,52274,0.029498412212572215
r/politics,training,343,4,1535,52274,0.029364502429506063
r/politics,training,344,8,1531,52274,0.029287982553468265
r/politics,training,345,2,1523,52274,0.029134942801392661
r/politics,training,346,3,1521,52274,0.02909668286337376
r/politics,training,347,1,1518,52274,0.02903929295634541
r/politics,training,348,3,1517,52274,0.029020162987335962
r/politics,training,349,2,1514,52274,0.028962773080307608
r/politics,training,351,2,1512,52274,0.028924513142288711
r/politics,training,352,3,1510,52274,0.02888625320426981
r/politics,training,353,3,1507,52274,0.028828863297241457
r/politics,training,354,4,1504,52274,0.028771473390213107
r/politics,training,355,1,1500,52274,0.028694953514175309
r/politics,training,356,2,1499,52274,0.028675823545165856
r/politics,training,358,4,1497,52274,0.028637563607146956
r/politics,training,359,5,1493,52274,0.028561043731109157
r/politics,training,360,3,1488,52274,0.028465393886061903
r/politics,training,361,2,1485,52274,0.028408003979033553
r/politics,training,362,6,1483,52274,0.028369744041014652
r/politics,training,364,3,1477,52274,0.028254964226957953
r/politics,training,365,7,1474,52274,0.028197574319929603
r/politics,training,366,6,1467,52274,0.028063664536863452
r/politics,training,367,4,1461,52274,0.027948884722806749
r/politics,training,368,1,1457,52274,0.027872364846768947
r/politics,training,369,5,1456,52274,0.027853234877759498
r/politics,training,370,4,1451,52274,0.027757585032712247
r/politics,training,371,1,1447,52274,0.027681065156674445
r/politics,training,372,2,1446,52274,0.027661935187664997
r/politics,training,373,5,1444,52274,0.027623675249646096
r/politics,training,374,1,1439,52274,0.027528025404598845
r/politics,training,375,5,1438,52274,0.027508895435589393
r/politics,training,376,4,1433,52274,0.027413245590542142
r/politics,training,377,2,1429,52274,0.027336725714504344
r/politics,training,378,1,1427,52274,0.027298465776485443
r/politics,training,379,3,1426,52274,0.027279335807475991
r/politics,training,380,1,1423,52274,0.027221945900447641
r/politics,training,381,2,1422,52274,0.027202815931438192
r/politics,training,382,4,1420,52274,0.027164555993419291
r/politics,training,383,2,1416,52274,0.027088036117381489
r/politics,training,384,2,1414,52274,0.027049776179362588
r/politics,training,385,3,1412,52274,0.027011516241343687
r/politics,training,386,2,1409,52274,0.026954126334315338
r/politics,training,387,5,1407,52274,0.026915866396296437
r/politics,training,388,2,1402,52274,0.026820216551249186
r/politics,training,389,4,1400,52274,0.026781956613230285
r/politics,training,390,3,1396,52274,0.026705436737192487
r/politics,training,391,5,1393,52274,0.026648046830164134
r/politics,training,392,5,1388,52274,0.026552396985116883
r/politics,training,393,5,1383,52274,0.026456747140069632
r/politics,training,395,1,1378,52274,0.026361097295022382
r/politics,training,396,1,1377,52274,0.026341967326012933
r/politics,training,397,3,1376,52274,0.026322837357003481
r/politics,training,398,1,1373,52274,0.026265447449975131
r/politics,training,399,2,1372,52274,0.026246317480965682
r/politics,training,400,3,1370,52274,0.026208057542946781
r/politics,training,401,4,1367,52274,0.026150667635918431
r/politics,training,402,3,1363,52274,0.02607414775988063
r/politics,training,403,5,1360,52274,0.02601675785285228
r/politics,training,404,4,1355,52274,0.025921108007805026
r/politics,training,405,1,1351,52274,0.025844588131767227
r/politics,training,406,2,1350,52274,0.025825458162757775
r/politics,training,407,2,1348,52274,0.025787198224738878
r/politics,training,408,6,1346,52274,0.025748938286719977
r/politics,training,409,4,1340,52274,0.025634158472663274
r/politics,training,410,4,1336,52274,0.025557638596625472
r/politics,training,411,2,1332,52274,0.025481118720587673
r/politics,training,412,4,1330,52274,0.025442858782568772
r/politics,training,413,1,1326,52274,0.025366338906530971
r/politics,training,415,4,1325,52274,0.025347208937521522
r/politics,training,416,2,1321,52274,0.02527068906148372
r/politics,training,417,4,1319,52274,0.025232429123464819
r/politics,training,418,4,1315,52274,0.02515590924742702
r/politics,training,419,3,1311,52274,0.025079389371389219
r/politics,training,420,4,1308,52274,0.025021999464360869
r/politics,training,421,3,1304,52274,0.024945479588323067
r/politics,training,423,6,1301,52274,0.024888089681294717
r/politics,training,424,4,1295,52274,0.024773309867238014
r/politics,training,425,4,1291,52274,0.024696789991200216
r/politics,training,426,2,1287,52274,0.024620270115162414
r/politics,training,427,2,1285,52274,0.024582010177143513
r/politics,training,428,5,1283,52274,0.024543750239124612
r/politics,training,429,5,1278,52274,0.024448100394077361
r/politics,training,430,1,1273,52274,0.024352450549030111
r/politics,training,432,1,1272,52274,0.024333320580020662
r/politics,training,433,2,1271,52274,0.02431419061101121
r/politics,training,434,3,1269,52274,0.024275930672992309
r/politics,training,435,3,1266,52274,0.024218540765963959
r/politics,training,436,1,1263,52274,0.024161150858935609
r/politics,training,437,3,1262,52274,0.024142020889926157
r/politics,training,438,2,1259,52274,0.024084630982897808
r/politics,training,439,1,1257,52274,0.024046371044878907
r/politics,training,440,2,1256,52274,0.024027241075869458
r/politics,training,441,2,1254,52274,0.023988981137850557
r/politics,training,442,2,1252,52274,0.023950721199831656
r/politics,training,443,2,1250,52274,0.023912461261812755
r/politics,training,444,4,1248,52274,0.023874201323793854
r/politics,training,446,1,1244,52274,0.023797681447756056
r/politics,training,447,2,1243,52274,0.023778551478746603
r/politics,training,448,3,1241,52274,0.023740291540727702
r/politics,training,449,3,1238,52274,0.023682901633699353
r/politics,training,451,1,1235,52274,0.023625511726671003
r/politics,training,452,5,1234,52274,0.023606381757661554
r/politics,training,453,3,1229,52274,0.0235107319126143
r/politics,training,454,10,1226,52274,0.02345334200558595
r/politics,training,455,1,1216,52274,0.023262042315491449
r/politics,training,457,4,1215,52274,0.023242912346482
r/politics,training,458,1,1211,52274,0.023166392470444198
r/politics,training,459,8,1210,52274,0.023147262501434746
r/politics,training,460,3,1202,52274,0.022994222749359146
r/politics,training,461,1,1199,52274,0.022936832842330796
r/politics,training,462,3,1198,52274,0.022917702873321344
r/politics,training,463,2,1195,52274,0.022860312966292994
r/politics,training,464,6,1193,52274,0.022822053028274093
r/politics,training,465,3,1187,52274,0.022707273214217394
r/politics,training,466,2,1184,52274,0.022649883307189041
r/politics,training,467,1,1182,52274,0.022611623369170143
r/politics,training,468,6,1181,52274,0.022592493400160691
r/politics,training,470,3,1175,52274,0.022477713586103992
r/politics,training,471,2,1172,52274,0.022420323679075638
r/politics,training,472,2,1170,52274,0.022382063741056741
r/politics,training,473,4,1168,52274,0.02234380380303784
r/politics,training,474,3,1164,52274,0.022267283927000038
r/politics,training,476,2,1161,52274,0.022209894019971688
r/politics,training,477,2,1159,52274,0.022171634081952787
r/politics,training,478,1,1157,52274,0.022133374143933886
r/politics,training,479,2,1156,52274,0.022114244174924438
r/politics,training,480,1,1154,52274,0.022075984236905537
r/politics,training,481,1,1153,52274,0.022056854267896085
r/politics,training,483,4,1152,52274,0.022037724298886636
r/politics,training,484,4,1148,52274,0.021961204422848834
r/politics,training,485,5,1144,52274,0.021884684546811035
r/politics,training,486,1,1139,52274,0.021789034701763785
r/politics,training,487,1,1138,52274,0.021769904732754333
r/politics,training,489,1,1137,52274,0.021750774763744884
r/politics,training,490,2,1136,52274,0.021731644794735432
r/politics,training,491,4,1134,52274,0.021693384856716531
r/politics,training,492,2,1130,52274,0.021616864980678732
r/politics,training,493,1,1128,52274,0.021578605042659831
r/politics,training,494,6,1127,52274,0.021559475073650379
r/politics,training,495,4,1121,52274,0.02144469525959368
r/politics,training,496,1,1117,52274,0.021368175383555878
r/politics,training,497,3,1116,52274,0.021349045414546429
r/politics,training,498,3,1113,52274,0.021291655507518079
r/politics,training,499,4,1110,52274,0.021234265600489726
r/politics,training,500,3,1106,52274,0.021157745724451928
r/politics,training,501,1,1103,52274,0.021100355817423574
r/politics,training,502,4,1102,52274,0.021081225848414126
r/politics,training,503,1,1098,52274,0.021004705972376324
r/politics,training,504,1,1097,52274,0.020985576003366875
r/politics,training,505,3,1096,52274,0.020966446034357423
r/politics,training,506,1,1093,52274,0.020909056127329073
r/politics,training,507,1,1092,52274,0.020889926158319624
r/politics,training,508,2,1091,52274,0.020870796189310172
r/politics,training,510,4,1089,52274,0.020832536251291271
r/politics,training,511,5,1085,52274,0.020756016375253473
r/politics,training,512,2,1080,52274,0.020660366530206222
r/politics,training,514,2,1078,52274,0.020622106592187321
r/politics,training,516,3,1076,52274,0.02058384665416842
r/politics,training,517,2,1073,52274,0.020526456747140071
r/politics,training,518,1,1071,52274,0.02048819680912117
r/politics,training,520,2,1070,52274,0.020469066840111717
r/politics,training,521,2,1068,52274,0.02043080690209282
r/politics,training,523,2,1066,52274,0.020392546964073919
r/politics,training,525,1,1064,52274,0.020354287026055018
r/politics,training,526,1,1063,52274,0.020335157057045569
r/politics,training,527,5,1062,52274,0.020316027088036117
r/politics,training,528,1,1057,52274,0.020220377242988866
r/politics,training,529,1,1056,52274,0.020201247273979418
r/politics,training,530,2,1055,52274,0.020182117304969965
r/politics,training,531,2,1053,52274,0.020143857366951064
r/politics,training,533,2,1051,52274,0.020105597428932163
r/politics,training,534,3,1049,52274,0.020067337490913266
r/politics,training,535,3,1046,52274,0.020009947583884913
r/politics,training,537,2,1043,52274,0.019952557676856563
r/politics,training,538,3,1041,52274,0.019914297738837662
r/politics,training,539,1,1038,52274,0.019856907831809312
r/politics,training,541,1,1037,52274,0.019837777862799864
r/politics,training,542,1,1036,52274,0.019818647893790411
r/politics,training,544,1,1035,52274,0.019799517924780963
r/politics,training,545,2,1034,52274,0.019780387955771511
r/politics,training,546,2,1032,52274,0.01974212801775261
r/politics,training,547,2,1030,52274,0.019703868079733712
r/politics,training,549,4,1028,52274,0.019665608141714811
r/politics,training,550,4,1024,52274,0.019589088265677009
r/politics,training,551,1,1020,52274,0.019512568389639207
r/politics,training,552,3,1019,52274,0.019493438420629759
r/politics,training,553,1,1016,52274,0.019436048513601409
r/politics,training,554,2,1015,52274,0.019416918544591957
r/politics,training,555,2,1013,52274,0.019378658606573056
r/politics,training,556,2,1011,52274,0.019340398668554158
r/politics,training,558,1,1009,52274,0.019302138730535257
r/politics,training,559,1,1008,52274,0.019283008761525805
r/politics,training,560,4,1007,52274,0.019263878792516356
r/politics,training,561,3,1003,52274,0.019187358916478554
r/politics,training,562,3,1000,52274,0.019129969009450205
r/politics,training,563,1,997,52274,0.019072579102421855
r/politics,training,564,1,996,52274,0.019053449133412403
r/politics,training,565,1,995,52274,0.019034319164402954
r/politics,training,566,2,994,52274,0.019015189195393502
r/politics,training,567,2,992,52274,0.018976929257374604
r/politics,training,568,3,990,52274,0.018938669319355703
r/politics,training,569,2,987,52274,0.018881279412327354
r/politics,training,570,3,985,52274,0.018843019474308453
r/politics,training,572,3,982,52274,0.0187856295672801
r/politics,training,574,2,979,52274,0.01872823966025175
r/politics,training,575,3,977,52274,0.018689979722232849
r/politics,training,576,3,974,52274,0.018632589815204499
r/politics,training,577,1,971,52274,0.018575199908176149
r/politics,training,578,2,970,52274,0.018556069939166697
r/politics,training,579,2,968,52274,0.0185178100011478
r/politics,training,580,1,966,52274,0.018479550063128899
r/politics,training,581,6,965,52274,0.018460420094119447
r/politics,training,582,1,959,52274,0.018345640280062747
r/politics,training,583,1,958,52274,0.018326510311053295
r/politics,training,584,3,957,52274,0.018307380342043846
r/politics,training,588,2,954,52274,0.018249990435015497
r/politics,training,589,1,952,52274,0.018211730496996596
r/politics,training,591,2,951,52274,0.018192600527987143
r/politics,training,592,2,949,52274,0.018154340589968246
r/politics,training,599,1,947,52274,0.018116080651949345
r/politics,training,600,1,946,52274,0.018096950682939893
r/politics,training,601,1,945,52274,0.018077820713930444
r/politics,training,602,4,944,52274,0.018058690744920992
r/politics,training,603,1,940,52274,0.017982170868883193
r/politics,training,605,1,939,52274,0.017963040899873741
r/politics,training,606,2,938,52274,0.017943910930864292
r/politics,training,608,2,936,52274,0.017905650992845391
r/politics,training,612,1,934,52274,0.01786739105482649
r/politics,training,613,2,933,52274,0.017848261085817042
r/politics,training,615,1,931,52274,0.017810001147798141
r/politics,training,617,1,930,52274,0.017790871178788692
r/politics,training,618,1,929,52274,0.01777174120977924
r/politics,training,619,1,928,52274,0.017752611240769791
r/politics,training,620,2,927,52274,0.017733481271760339
r/politics,training,621,1,925,52274,0.017695221333741438
r/politics,training,623,3,924,52274,0.017676091364731989
r/politics,training,624,2,921,52274,0.017618701457703639
r/politics,training,625,5,919,52274,0.017580441519684738
r/politics,training,627,1,914,52274,0.017484791674637488
r/politics,training,628,3,913,52274,0.017465661705628036
r/politics,training,630,4,910,52274,0.017408271798599686
r/politics,training,631,1,906,52274,0.017331751922561884
r/politics,training,632,6,905,52274,0.017312621953552435
r/politics,training,633,1,899,52274,0.017197842139495732
r/politics,training,635,1,898,52274,0.017178712170486284
r/politics,training,636,1,897,52274,0.017159582201476835
r/politics,training,637,2,896,52274,0.017140452232467383
r/politics,training,639,2,894,52274,0.017102192294448482
r/politics,training,642,2,892,52274,0.017063932356429584
r/politics,training,646,1,890,52274,0.017025672418410683
r/politics,training,647,2,889,52274,0.017006542449401231
r/politics,training,648,2,887,52274,0.01696828251138233
r/politics,training,649,1,885,52274,0.016930022573363433
r/politics,training,650,1,884,52274,0.01691089260435398
r/politics,training,653,1,883,52274,0.016891762635344532
r/politics,training,654,1,882,52274,0.016872632666335079
r/politics,training,656,4,881,52274,0.016853502697325631
r/politics,training,658,4,877,52274,0.016776982821287829
r/politics,training,660,3,873,52274,0.01670046294525003
r/politics,training,661,1,870,52274,0.016643073038221677
r/politics,training,662,2,869,52274,0.016623943069212228
r/politics,training,663,1,867,52274,0.016585683131193327
r/politics,training,664,3,866,52274,0.016566553162183879
r/politics,training,665,5,863,52274,0.016509163255155525
r/politics,training,666,1,858,52274,0.016413513410108275
r/politics,training,667,3,857,52274,0.016394383441098826
r/politics,training,668,1,854,52274,0.016336993534070476
r/politics,training,669,2,853,52274,0.016317863565061024
r/politics,training,670,1,851,52274,0.016279603627042123
r/politics,training,671,2,850,52274,0.016260473658032674
r/politics,training,672,1,848,52274,0.016222213720013774
r/politics,training,673,2,847,52274,0.016203083751004325
r/politics,training,677,1,845,52274,0.016164823812985424
r/politics,training,678,2,844,52274,0.016145693843975972
r/politics,training,679,4,842,52274,0.016107433905957071
r/politics,training,681,2,838,52274,0.016030914029919272
r/politics,training,682,1,836,52274,0.015992654091900371
r/politics,training,685,4,835,52274,0.015973524122890922
r/politics,training,686,1,831,52274,0.015897004246853121
r/politics,training,687,1,830,52274,0.015877874277843668
r/politics,training,688,1,829,52274,0.01585874430883422
r/politics,training,689,1,828,52274,0.015839614339824771
r/politics,training,690,1,827,52274,0.015820484370815319
r/politics,training,691,1,826,52274,0.01580135440180587
r/politics,training,692,2,825,52274,0.015782224432796418
r/politics,training,694,2,823,52274,0.015743964494777517
r/politics,training,695,1,821,52274,0.015705704556758619
r/politics,training,696,1,820,52274,0.015686574587749167
r/politics,training,697,1,819,52274,0.015667444618739718
r/politics,training,698,1,818,52274,0.015648314649730266
r/politics,training,701,1,817,52274,0.015629184680720817
r/politics,training,703,1,816,52274,0.015610054711711367
r/politics,training,706,2,815,52274,0.015590924742701916
r/politics,training,707,1,813,52274,0.015552664804683017
r/politics,training,708,1,812,52274,0.015533534835673567
r/politics,training,709,3,811,52274,0.015514404866664116
r/politics,training,710,2,808,52274,0.015457014959635765
r/politics,training,713,2,806,52274,0.015418755021616866
r/politics,training,715,2,804,52274,0.015380495083597965
r/politics,training,716,2,802,52274,0.015342235145579064
r/politics,training,717,1,800,52274,0.015303975207560164
r/politics,training,718,2,799,52274,0.015284845238550714
r/politics,training,719,2,797,52274,0.015246585300531813
r/politics,training,720,2,795,52274,0.015208325362512912
r/politics,training,721,1,793,52274,0.015170065424494013
r/politics,training,722,2,792,52274,0.015150935455484562
r/politics,training,723,1,790,52274,0.015112675517465661
r/politics,training,724,2,789,52274,0.015093545548456211
r/politics,training,726,1,787,52274,0.015055285610437312
r/politics,training,728,2,786,52274,0.015036155641427861
r/politics,training,734,1,784,52274,0.01499789570340896
r/politics,training,735,1,783,52274,0.01497876573439951
r/politics,training,736,3,782,52274,0.014959635765390059
r/politics,training,738,1,779,52274,0.01490224585836171
r/politics,training,739,1,778,52274,0.014883115889352259
r/politics,training,742,2,777,52274,0.014863985920342809
r/politics,training,743,1,775,52274,0.014825725982323909
r/politics,training,744,2,774,52274,0.014806596013314459
r/politics,training,745,2,772,52274,0.014768336075295558
r/politics,training,746,1,770,52274,0.014730076137276657
r/politics,training,747,2,769,52274,0.014710946168267208
r/politics,training,750,1,767,52274,0.014672686230248307
r/politics,training,751,1,766,52274,0.014653556261238857
r/politics,training,752,1,765,52274,0.014634426292229406
r/politics,training,753,2,764,52274,0.014615296323219956
r/politics,training,754,1,762,52274,0.014577036385201057
r/politics,training,755,1,761,52274,0.014557906416191606
r/politics,training,758,4,760,52274,0.014538776447182156
r/politics,training,759,1,756,52274,0.014462256571144355
r/politics,training,760,1,755,52274,0.014443126602134905
r/politics,training,766,1,754,52274,0.014423996633125455
r/politics,training,767,1,753,52274,0.014404866664116004
r/politics,training,768,1,752,52274,0.014385736695106554
r/politics,training,770,2,751,52274,0.014366606726097103
r/politics,training,771,1,749,52274,0.014328346788078204
r/politics,training,772,1,748,52274,0.014309216819068753
r/politics,training,773,2,747,52274,0.014290086850059303
r/politics,training,775,3,745,52274,0.014251826912040402
r/politics,training,776,2,742,52274,0.014194437005012052
r/politics,training,777,2,740,52274,0.014156177066993151
r/politics,training,778,1,738,52274,0.01411791712897425
r/politics,training,779,1,737,52274,0.014098787159964802
r/politics,training,781,3,736,52274,0.014079657190955351
r/politics,training,783,1,733,52274,0.014022267283927
r/politics,training,785,1,732,52274,0.014003137314917549
r/politics,training,788,3,731,52274,0.0139840073459081
r/politics,training,790,1,728,52274,0.013926617438879749
r/politics,training,791,1,727,52274,0.013907487469870299
r/politics,training,793,1,726,52274,0.013888357500860848
r/politics,training,794,2,725,52274,0.013869227531851398
r/politics,training,795,2,723,52274,0.013830967593832498
r/politics,training,797,3,721,52274,0.013792707655813597
r/politics,training,799,2,718,52274,0.013735317748785248
r/politics,training,800,3,716,52274,0.013697057810766347
r/politics,training,801,2,713,52274,0.013639667903737995
r/politics,training,802,1,711,52274,0.013601407965719096
r/politics,training,803,2,710,52274,0.013582277996709646
r/politics,training,804,1,708,52274,0.013544018058690745
r/politics,training,805,1,707,52274,0.013524888089681294
r/politics,training,806,2,706,52274,0.013505758120671844
r/politics,training,807,2,704,52274,0.013467498182652944
r/politics,training,810,1,702,52274,0.013429238244634044
r/politics,training,812,1,701,52274,0.013410108275624593
r/politics,training,813,1,700,52274,0.013390978306615143
r/politics,training,816,1,699,52274,0.013371848337605694
r/politics,training,818,2,698,52274,0.013352718368596243
r/politics,training,819,1,696,52274,0.013314458430577342
r/politics,training,821,1,695,52274,0.013295328461567892
r/politics,training,822,3,694,52274,0.013276198492558441
r/politics,training,826,1,691,52274,0.013218808585530092
r/politics,training,827,1,690,52274,0.013199678616520641
r/politics,training,828,3,689,52274,0.013180548647511191
r/politics,training,830,1,686,52274,0.013123158740482841
r/politics,training,833,1,685,52274,0.013104028771473391
r/politics,training,834,2,684,52274,0.01308489880246394
r/politics,training,835,2,682,52274,0.013046638864445039
r/politics,training,838,1,680,52274,0.01300837892642614
r/politics,training,840,2,679,52274,0.012989248957416689
r/politics,training,841,1,677,52274,0.012950989019397788
r/politics,training,843,1,676,52274,0.012931859050388338
r/politics,training,844,2,675,52274,0.012912729081378888
r/politics,training,846,1,673,52274,0.012874469143359988
r/politics,training,849,1,672,52274,0.012855339174350538
r/politics,training,850,1,671,52274,0.012836209205341087
r/politics,training,854,1,670,52274,0.012817079236331637
r/politics,training,855,1,669,52274,0.012797949267322186
r/politics,training,856,1,668,52274,0.012778819298312736
r/politics,training,857,1,667,52274,0.012759689329303287
r/politics,training,858,1,666,52274,0.012740559360293837
r/politics,training,860,1,665,52274,0.012721429391284386
r/politics,training,861,2,664,52274,0.012702299422274936
r/politics,training,862,1,662,52274,0.012664039484256035
r/politics,training,865,1,661,52274,0.012644909515246586
r/politics,training,866,1,660,52274,0.012625779546237136
r/politics,training,867,1,659,52274,0.012606649577227685
r/politics,training,868,1,658,52274,0.012587519608218235
r/politics,training,869,3,657,52274,0.012568389639208784
r/politics,training,871,1,654,52274,0.012510999732180434
r/politics,training,872,1,653,52274,0.012491869763170984
r/politics,training,873,1,652,52274,0.012472739794161533
r/politics,training,874,1,651,52274,0.012453609825152083
r/politics,training,879,1,650,52274,0.012434479856142633
r/politics,training,880,1,649,52274,0.012415349887133182
r/politics,training,883,1,648,52274,0.012396219918123733
r/politics,training,884,1,647,52274,0.012377089949114283
r/politics,training,885,1,646,52274,0.012357959980104832
r/politics,training,886,2,645,52274,0.012338830011095382
r/politics,training,887,2,643,52274,0.012300570073076481
r/politics,training,889,3,641,52274,0.012262310135057582
r/politics,training,891,1,638,52274,0.01220492022802923
r/politics,training,892,1,637,52274,0.01218579025901978
r/politics,training,896,2,636,52274,0.012166660290010331
r/politics,training,897,1,634,52274,0.01212840035199143
r/politics,training,898,2,633,52274,0.01210927038298198
r/politics,training,899,1,631,52274,0.012071010444963079
r/politics,training,900,3,630,52274,0.012051880475953628
r/politics,training,901,1,627,52274,0.011994490568925278
r/politics,training,904,1,626,52274,0.011975360599915828
r/politics,training,905,1,625,52274,0.011956230630906377
r/politics,training,908,2,624,52274,0.011937100661896927
r/politics,training,909,1,622,52274,0.011898840723878028
r/politics,training,912,1,621,52274,0.011879710754868577
r/politics,training,913,1,620,52274,0.011860580785859127
r/politics,training,915,1,619,52274,0.011841450816849676
r/politics,training,916,1,618,52274,0.011822320847840226
r/politics,training,917,2,617,52274,0.011803190878830777
r/politics,training,920,1,615,52274,0.011764930940811876
r/politics,training,921,1,614,52274,0.011745800971802426
r/politics,training,926,1,613,52274,0.011726671002792975
r/politics,training,927,1,612,52274,0.011707541033783525
r/politics,training,930,1,611,52274,0.011688411064774074
r/politics,training,931,1,610,52274,0.011669281095764625
r/politics,training,932,1,609,52274,0.011650151126755175
r/politics,training,934,1,608,52274,0.011631021157745725
r/politics,training,936,1,607,52274,0.011611891188736274
r/politics,training,937,2,606,52274,0.011592761219726824
r/politics,training,938,2,604,52274,0.011554501281707924
r/politics,training,940,2,602,52274,0.011516241343689023
r/politics,training,944,2,600,52274,0.011477981405670122
r/politics,training,947,1,598,52274,0.011439721467651223
r/politics,training,949,2,597,52274,0.011420591498641773
r/politics,training,952,1,595,52274,0.011382331560622872
r/politics,training,953,1,594,52274,0.011363201591613421
r/politics,training,954,2,593,52274,0.011344071622603971
r/politics,training,955,1,591,52274,0.011305811684585072
r/politics,training,956,1,590,52274,0.011286681715575621
r/politics,training,957,1,589,52274,0.011267551746566171
r/politics,training,961,1,588,52274,0.01124842177755672
r/politics,training,962,2,587,52274,0.01122929180854727
r/politics,training,964,1,585,52274,0.01119103187052837
r/politics,training,966,1,584,52274,0.01117190190151892
r/politics,training,968,1,583,52274,0.01115277193250947
r/politics,training,969,1,582,52274,0.011133641963500019
r/politics,training,970,2,581,52274,0.011114511994490569
r/politics,training,972,2,579,52274,0.011076252056471669
r/politics,training,973,1,577,52274,0.011037992118452768
r/politics,training,974,1,576,52274,0.011018862149443318
r/politics,training,975,2,575,52274,0.010999732180433867
r/politics,training,976,2,573,52274,0.010961472242414966
r/politics,training,977,1,571,52274,0.010923212304396067
r/politics,training,984,1,570,52274,0.010904082335386617
r/politics,training,991,1,569,52274,0.010884952366377166
r/politics,training,992,1,568,52274,0.010865822397367716
r/politics,training,993,1,567,52274,0.010846692428358265
r/politics,training,996,2,566,52274,0.010827562459348817
r/politics,training,997,1,564,52274,0.010789302521329916
r/politics,training,1004,2,563,52274,0.010770172552320465
r/politics,training,1006,1,561,52274,0.010731912614301564
r/politics,training,1007,1,560,52274,0.010712782645292115
r/politics,training,1010,1,559,52274,0.010693652676282665
r/politics,training,1011,1,558,52274,0.010674522707273214
r/politics,training,1012,1,557,52274,0.010655392738263764
r/politics,training,1013,3,556,52274,0.010636262769254314
r/politics,training,1015,1,553,52274,0.010578872862225964
r/politics,training,1016,1,552,52274,0.010559742893216513
r/politics,training,1017,1,551,52274,0.010540612924207063
r/politics,training,1018,2,550,52274,0.010521482955197612
r/politics,training,1020,1,548,52274,0.010483223017178711
r/politics,training,1023,2,547,52274,0.010464093048169263
r/politics,training,1025,1,545,52274,0.010425833110150362
r/politics,training,1026,2,544,52274,0.010406703141140911
r/politics,training,1029,1,542,52274,0.01036844320312201
r/politics,training,1031,1,541,52274,0.010349313234112562
r/politics,training,1033,1,540,52274,0.010330183265103111
r/politics,training,1034,1,539,52274,0.010311053296093661
r/politics,training,1035,1,538,52274,0.01029192332708421
r/politics,training,1038,1,537,52274,0.01027279335807476
r/politics,training,1041,1,536,52274,0.010253663389065309
r/politics,training,1046,1,535,52274,0.010234533420055859
r/politics,training,1047,1,534,52274,0.01021540345104641
r/politics,training,1050,1,533,52274,0.010196273482036959
r/politics,training,1051,1,532,52274,0.010177143513027509
r/politics,training,1054,2,531,52274,0.010158013544018058
r/politics,training,1055,2,529,52274,0.010119753605999158
r/politics,training,1056,1,527,52274,0.010081493667980258
r/politics,training,1061,1,526,52274,0.010062363698970808
r/politics,training,1063,2,525,52274,0.010043233729961357
r/politics,training,1066,1,523,52274,0.010004973791942456
r/politics,training,1072,1,522,52274,0.0099858438229330077
r/politics,training,1074,1,521,52274,0.0099667138539235572
r/politics,training,1075,1,520,52274,0.0099475838849141067
r/politics,training,1079,2,519,52274,0.0099284539159046562
r/politics,training,1080,1,517,52274,0.0098901939778857553
r/politics,training,1082,1,516,52274,0.0098710640088763048
r/politics,training,1083,4,515,52274,0.009851934039866856
r/politics,training,1084,1,511,52274,0.0097754141638290541
r/politics,training,1090,1,510,52274,0.0097562841948196036
r/politics,training,1091,1,509,52274,0.0097371542258101549
r/politics,training,1096,1,508,52274,0.0097180242568007044
r/politics,training,1099,1,507,52274,0.0096988942877912539
r/politics,training,1104,1,506,52274,0.0096797643187818035
r/politics,training,1107,1,505,52274,0.009660634349772353
r/politics,training,1109,2,504,52274,0.0096415043807629025
r/politics,training,1112,1,502,52274,0.0096032444427440033
r/politics,training,1114,1,501,52274,0.0095841144737345528
r/politics,training,1117,1,500,52274,0.0095649845047251023
r/politics,training,1121,2,499,52274,0.0095458545357156518
r/politics,training,1122,1,497,52274,0.0095075945976967509
r/politics,training,1124,1,496,52274,0.0094884646286873021
r/politics,training,1125,1,495,52274,0.0094693346596778517
r/politics,training,1127,2,494,52274,0.0094502046906684012
r/politics,training,1133,1,492,52274,0.0094119447526495002
r/politics,training,1134,1,491,52274,0.0093928147836400498
r/politics,training,1142,1,490,52274,0.009373684814630601
r/politics,training,1145,1,489,52274,0.0093545548456211505
r/politics,training,1146,1,488,52274,0.0093354248766117
r/politics,training,1147,1,487,52274,0.0093162949076022496
r/politics,training,1148,2,486,52274,0.0092971649385927991
r/politics,training,1151,2,484,52274,0.0092589050005738999
r/politics,training,1152,2,482,52274,0.0092206450625549989
r/politics,training,1153,1,480,52274,0.009182385124536098
r/politics,training,1165,1,479,52274,0.0091632551555266475
r/politics,training,1166,1,478,52274,0.009144125186517197
r/politics,training,1170,1,477,52274,0.0091249952175077483
r/politics,training,1173,2,476,52274,0.0091058652484982978
r/politics,training,1174,2,474,52274,0.0090676053104793968
r/politics,training,1175,2,472,52274,0.0090293453724604959
r/politics,training,1176,1,470,52274,0.0089910854344415966
r/politics,training,1178,1,469,52274,0.0089719554654321462
r/politics,training,1180,1,468,52274,0.0089528254964226957
r/politics,training,1181,1,467,52274,0.0089336955274132452
r/politics,training,1183,1,466,52274,0.0089145655584037947
r/politics,training,1184,1,465,52274,0.008895435589394346
r/politics,training,1187,1,464,52274,0.0088763056203848955
r/politics,training,1188,2,463,52274,0.008857175651375445
r/politics,training,1189,1,461,52274,0.0088189157133565441
r/politics,training,1192,1,460,52274,0.0087997857443470936
r/politics,training,1195,3,459,52274,0.0087806557753376431
r/politics,training,1196,1,456,52274,0.0087232658683092934
r/politics,training,1203,2,455,52274,0.0087041358992998429
r/politics,training,1207,2,453,52274,0.008665875961280942
r/politics,training,1208,2,451,52274,0.0086276160232620427
r/politics,training,1209,1,449,52274,0.0085893560852431418
r/politics,training,1215,1,448,52274,0.0085702261162336913
r/politics,training,1217,1,447,52274,0.0085510961472242408
r/politics,training,1219,1,446,52274,0.0085319661782147921
r/politics,training,1220,1,445,52274,0.0085128362092053416
r/politics,training,1224,1,444,52274,0.0084937062401958911
r/politics,training,1225,2,443,52274,0.0084745762711864406
r/politics,training,1229,1,441,52274,0.0084363163331675397
r/politics,training,1233,1,440,52274,0.0084171863641580892
r/politics,training,1240,2,439,52274,0.0083980563951486405
r/politics,training,1241,2,437,52274,0.0083597964571297395
r/politics,training,1244,1,435,52274,0.0083215365191108386
r/politics,training,1246,2,434,52274,0.0083024065501013881
r/politics,training,1248,1,432,52274,0.0082641466120824889
r/politics,training,1251,1,431,52274,0.0082450166430730384
r/politics,training,1252,1,430,52274,0.0082258866740635879
r/politics,training,1253,1,429,52274,0.0082067567050541374
r/politics,training,1255,2,428,52274,0.0081876267360446869
r/politics,training,1256,1,426,52274,0.0081493667980257877
r/politics,training,1257,1,425,52274,0.0081302368290163372
r/politics,training,1259,1,424,52274,0.0081111068600068868
r/politics,training,1263,1,423,52274,0.0080919768909974363
r/politics,training,1273,2,422,52274,0.0080728469219879858
r/politics,training,1274,1,420,52274,0.0080345869839690866
r/politics,training,1275,1,419,52274,0.0080154570149596361
r/politics,training,1278,1,418,52274,0.0079963270459501856
r/politics,training,1279,1,417,52274,0.0079771970769407351
r/politics,training,1281,1,416,52274,0.0079580671079312847
r/politics,training,1282,1,415,52274,0.0079389371389218342
r/politics,training,1294,1,414,52274,0.0079198071699123854
r/politics,training,1295,2,413,52274,0.007900677200902935
r/politics,training,1298,1,411,52274,0.007862417262884034
r/politics,training,1304,1,410,52274,0.0078432872938745835
r/politics,training,1305,1,409,52274,0.007824157324865133
r/politics,training,1307,2,408,52274,0.0078050273558556834
r/politics,training,1310,1,406,52274,0.0077667674178367833
r/politics,training,1312,1,405,52274,0.0077476374488273329
r/politics,training,1314,1,404,52274,0.0077285074798178824
r/politics,training,1317,1,403,52274,0.0077093775108084328
r/politics,training,1323,1,402,52274,0.0076902475417989823
r/politics,training,1324,1,401,52274,0.0076711175727895318
r/politics,training,1329,1,400,52274,0.0076519876037800822
r/politics,training,1336,1,399,52274,0.0076328576347706317
r/politics,training,1337,1,398,52274,0.0076137276657611812
r/politics,training,1339,1,397,52274,0.0075945976967517316
r/politics,training,1345,1,396,52274,0.0075754677277422812
r/politics,training,1346,1,395,52274,0.0075563377587328307
r/politics,training,1348,2,394,52274,0.0075372077897233811
r/politics,training,1349,2,392,52274,0.0074989478517044801
r/politics,training,1350,2,390,52274,0.00746068791368558
r/politics,training,1351,1,388,52274,0.0074224279756666791
r/politics,training,1356,2,387,52274,0.0074032980066572295
r/politics,training,1360,1,385,52274,0.0073650380686383285
r/politics,training,1363,1,384,52274,0.0073459080996288789
r/politics,training,1364,3,383,52274,0.0073267781306194284
r/politics,training,1367,2,380,52274,0.0072693882235910778
r/politics,training,1369,4,378,52274,0.0072311282855721777
r/politics,training,1370,1,374,52274,0.0071546084095343767
r/politics,training,1374,1,373,52274,0.0071354784405249262
r/politics,training,1375,1,372,52274,0.0071163484715154757
r/politics,training,1378,1,371,52274,0.0070972185025060261
r/politics,training,1381,1,370,52274,0.0070780885334965757
r/politics,training,1384,2,369,52274,0.0070589585644871252
r/politics,training,1389,1,367,52274,0.0070206986264682251
r/politics,training,1391,1,366,52274,0.0070015686574587746
r/politics,training,1396,1,365,52274,0.006982438688449325
r/politics,training,1397,1,364,52274,0.0069633087194398745
r/politics,training,1398,1,363,52274,0.006944178750430424
r/politics,training,1402,2,362,52274,0.0069250487814209744
r/politics,training,1405,2,360,52274,0.0068867888434020735
r/politics,training,1410,1,358,52274,0.0068485289053831734
r/politics,training,1411,1,357,52274,0.0068293989363737229
r/politics,training,1421,2,356,52274,0.0068102689673642733
r/politics,training,1423,2,354,52274,0.0067720090293453723
r/politics,training,1425,1,352,52274,0.0067337490913264722
r/politics,training,1426,1,351,52274,0.0067146191223170218
r/politics,training,1428,1,350,52274,0.0066954891533075713
r/politics,training,1429,1,349,52274,0.0066763591842981217
r/politics,training,1437,2,348,52274,0.0066572292152886712
r/politics,training,1438,2,346,52274,0.0066189692772697711
r/politics,training,1443,2,344,52274,0.0065807093392508701
r/politics,training,1445,2,342,52274,0.0065424494012319701
r/politics,training,1446,2,340,52274,0.00650418946321307
r/politics,training,1447,1,338,52274,0.006465929525194169
r/politics,training,1448,1,337,52274,0.0064467995561847194
r/politics,training,1451,2,336,52274,0.0064276695871752689
r/politics,training,1459,1,334,52274,0.006389409649156368
r/politics,training,1462,1,333,52274,0.0063702796801469183
r/politics,training,1470,1,332,52274,0.0063511497111374679
r/politics,training,1475,1,331,52274,0.0063320197421280174
r/politics,training,1477,1,330,52274,0.0063128897731185678
r/politics,training,1479,1,329,52274,0.0062937598041091173
r/politics,training,1484,1,328,52274,0.0062746298350996668
r/politics,training,1504,1,327,52274,0.0062554998660902172
r/politics,training,1506,1,326,52274,0.0062363698970807667
r/politics,training,1509,1,325,52274,0.0062172399280713163
r/politics,training,1512,1,324,52274,0.0061981099590618666
r/politics,training,1514,1,323,52274,0.0061789799900524162
r/politics,training,1516,1,322,52274,0.0061598500210429657
r/politics,training,1522,1,321,52274,0.0061407200520335161
r/politics,training,1523,1,320,52274,0.0061215900830240656
r/politics,training,1525,1,319,52274,0.0061024601140146151
r/politics,training,1528,1,318,52274,0.0060833301450051655
r/politics,training,1532,1,317,52274,0.006064200175995715
r/politics,training,1536,1,316,52274,0.0060450702069862645
r/politics,training,1538,1,315,52274,0.0060259402379768141
r/politics,training,1541,1,314,52274,0.0060068102689673645
r/politics,training,1544,1,313,52274,0.005987680299957914
r/politics,training,1548,1,312,52274,0.0059685503309484635
r/politics,training,1549,1,311,52274,0.0059494203619390139
r/politics,training,1559,1,310,52274,0.0059302903929295634
r/politics,training,1560,1,309,52274,0.0059111604239201129
r/politics,training,1567,1,308,52274,0.0058920304549106633
r/politics,training,1570,2,307,52274,0.0058729004859012128
r/politics,training,1572,1,305,52274,0.0058346405478823127
r/politics,training,1573,1,304,52274,0.0058155105788728623
r/politics,training,1575,1,303,52274,0.0057963806098634118
r/politics,training,1579,1,302,52274,0.0057772506408539622
r/politics,training,1583,1,301,52274,0.0057581206718445117
r/politics,training,1585,1,300,52274,0.0057389907028350612
r/politics,training,1586,1,299,52274,0.0057198607338256116
r/politics,training,1587,2,298,52274,0.0057007307648161611
r/politics,training,1589,1,296,52274,0.0056624708267972602
r/politics,training,1591,1,295,52274,0.0056433408577878106
r/politics,training,1593,1,294,52274,0.0056242108887783601
r/politics,training,1598,1,293,52274,0.0056050809197689096
r/politics,training,1603,1,292,52274,0.00558595095075946
r/politics,training,1613,2,291,52274,0.0055668209817500095
r/politics,training,1616,1,289,52274,0.0055285610437311094
r/politics,training,1622,1,288,52274,0.0055094310747216589
r/politics,training,1627,2,287,52274,0.0054903011057122085
r/politics,training,1629,1,285,52274,0.0054520411676933084
r/politics,training,1636,1,284,52274,0.0054329111986838579
r/politics,training,1638,1,283,52274,0.0054137812296744083
r/politics,training,1649,1,282,52274,0.0053946512606649578
r/politics,training,1650,1,281,52274,0.0053755212916555073
r/politics,training,1654,1,280,52274,0.0053563913226460577
r/politics,training,1674,1,279,52274,0.0053372613536366072
r/politics,training,1694,1,278,52274,0.0053181313846271568
r/politics,training,1696,1,277,52274,0.0052990014156177063
r/politics,training,1702,1,276,52274,0.0052798714466082567
r/politics,training,1703,1,275,52274,0.0052607414775988062
r/politics,training,1707,1,274,52274,0.0052416115085893557
r/politics,training,1710,1,273,52274,0.0052224815395799061
r/politics,training,1713,1,272,52274,0.0052033515705704556
r/politics,training,1715,1,271,52274,0.0051842216015610051
r/politics,training,1733,1,270,52274,0.0051650916325515555
r/politics,training,1740,1,269,52274,0.0051459616635421051
r/politics,training,1741,2,268,52274,0.0051268316945326546
r/politics,training,1746,1,266,52274,0.0050885717565137545
r/politics,training,1753,1,265,52274,0.005069441787504304
r/politics,training,1754,1,264,52274,0.0050503118184948544
r/politics,training,1762,1,263,52274,0.0050311818494854039
r/politics,training,1768,1,262,52274,0.0050120518804759534
r/politics,training,1773,1,261,52274,0.0049929219114665038
r/politics,training,1775,2,260,52274,0.0049737919424570533
r/politics,training,1782,2,258,52274,0.0049355320044381524
r/politics,training,1806,1,256,52274,0.0048972720664192523
r/politics,training,1828,1,255,52274,0.0048781420974098018
r/politics,training,1833,1,254,52274,0.0048590121284003522
r/politics,training,1838,1,253,52274,0.0048398821593909017
r/politics,training,1847,1,252,52274,0.0048207521903814513
r/politics,training,1848,1,251,52274,0.0048016222213720016
r/politics,training,1853,2,250,52274,0.0047824922523625512
r/politics,training,1858,1,248,52274,0.0047442323143436511
r/politics,training,1865,1,247,52274,0.0047251023453342006
r/politics,training,1872,1,246,52274,0.0047059723763247501
r/politics,training,1881,1,245,52274,0.0046868424073153005
r/politics,training,1887,1,244,52274,0.00466771243830585
r/politics,training,1900,1,243,52274,0.0046485824692963995
r/politics,training,1904,1,242,52274,0.0046294525002869499
r/politics,training,1909,1,241,52274,0.0046103225312774995
r/politics,training,1913,1,240,52274,0.004591192562268049
r/politics,training,1919,1,239,52274,0.0045720625932585985
r/politics,training,1937,1,238,52274,0.0045529326242491489
r/politics,training,1943,2,237,52274,0.0045338026552396984
r/politics,training,1958,1,235,52274,0.0044955427172207983
r/politics,training,1966,1,234,52274,0.0044764127482113478
r/politics,training,1967,1,233,52274,0.0044572827792018974
r/politics,training,1972,1,232,52274,0.0044381528101924477
r/politics,training,1974,1,231,52274,0.0044190228411829973
r/politics,training,1990,1,230,52274,0.0043998928721735468
r/politics,training,1997,1,229,52274,0.0043807629031640972
r/politics,training,2018,1,228,52274,0.0043616329341546467
r/politics,training,2021,2,227,52274,0.0043425029651451962
r/politics,training,2022,1,225,52274,0.0043042430271262961
r/politics,training,2029,1,224,52274,0.0042851130581168457
r/politics,training,2031,1,223,52274,0.004265983089107396
r/politics,training,2037,1,222,52274,0.0042468531200979456
r/politics,training,2043,1,221,52274,0.0042277231510884951
r/politics,training,2045,1,220,52274,0.0042085931820790446
r/politics,training,2047,1,219,52274,0.004189463213069595
r/politics,training,2052,1,218,52274,0.0041703332440601445
r/politics,training,2063,1,217,52274,0.004151203275050694
r/politics,training,2064,1,216,52274,0.0041320733060412444
r/politics,training,2065,1,215,52274,0.0041129433370317939
r/politics,training,2071,2,214,52274,0.0040938133680223435
r/politics,training,2076,1,212,52274,0.0040555534300034434
r/politics,training,2079,1,211,52274,0.0040364234609939929
r/politics,training,2080,1,210,52274,0.0040172934919845433
r/politics,training,2085,1,209,52274,0.0039981635229750928
r/politics,training,2090,1,208,52274,0.0039790335539656423
r/politics,training,2097,1,207,52274,0.0039599035849561927
r/politics,training,2109,1,206,52274,0.0039407736159467422
r/politics,training,2111,1,205,52274,0.0039216436469372918
r/politics,training,2114,2,204,52274,0.0039025136779278417
r/politics,training,2116,1,202,52274,0.0038642537399089412
r/politics,training,2120,1,201,52274,0.0038451237708994911
r/politics,training,2121,1,200,52274,0.0038259938018900411
r/politics,training,2126,1,199,52274,0.0038068638328805906
r/politics,training,2128,1,198,52274,0.0037877338638711406
r/politics,training,2129,1,197,52274,0.0037686038948616905
r/politics,training,2137,1,196,52274,0.0037494739258522401
r/politics,training,2144,1,195,52274,0.00373034395684279
r/politics,training,2146,1,194,52274,0.0037112139878333395
r/politics,training,2176,3,193,52274,0.0036920840188238895
r/politics,training,2185,1,190,52274,0.0036346941117955389
r/politics,training,2187,2,189,52274,0.0036155641427860889
r/politics,training,2188,1,187,52274,0.0035773042047671883
r/politics,training,2192,1,186,52274,0.0035581742357577379
r/politics,training,2195,1,185,52274,0.0035390442667482878
r/politics,training,2209,1,184,52274,0.0035199142977388378
r/politics,training,2215,1,183,52274,0.0035007843287293873
r/politics,training,2218,1,182,52274,0.0034816543597199373
r/politics,training,2226,1,181,52274,0.0034625243907104872
r/politics,training,2234,1,180,52274,0.0034433944217010367
r/politics,training,2250,1,179,52274,0.0034242644526915867
r/politics,training,2258,1,178,52274,0.0034051344836821366
r/politics,training,2275,1,177,52274,0.0033860045146726862
r/politics,training,2284,1,176,52274,0.0033668745456632361
r/politics,training,2292,1,175,52274,0.0033477445766537856
r/politics,training,2297,1,174,52274,0.0033286146076443356
r/politics,training,2309,1,173,52274,0.0033094846386348855
r/politics,training,2310,1,172,52274,0.0032903546696254351
r/politics,training,2311,1,171,52274,0.003271224700615985
r/politics,training,2326,1,170,52274,0.003252094731606535
r/politics,training,2345,1,169,52274,0.0032329647625970845
r/politics,training,2347,2,168,52274,0.0032138347935876345
r/politics,training,2350,1,166,52274,0.0031755748555687339
r/politics,training,2392,1,165,52274,0.0031564448865592839
r/politics,training,2403,1,164,52274,0.0031373149175498334
r/politics,training,2412,2,163,52274,0.0031181849485403834
r/politics,training,2415,1,161,52274,0.0030799250105214828
r/politics,training,2430,1,160,52274,0.0030607950415120328
r/politics,training,2449,1,159,52274,0.0030416650725025828
r/politics,training,2451,1,158,52274,0.0030225351034931323
r/politics,training,2486,1,157,52274,0.0030034051344836822
r/politics,training,2499,1,156,52274,0.0029842751654742317
r/politics,training,2510,1,155,52274,0.0029651451964647817
r/politics,training,2532,1,154,52274,0.0029460152274553317
r/politics,training,2548,1,153,52274,0.0029268852584458812
r/politics,training,2554,1,152,52274,0.0029077552894364311
r/politics,training,2575,1,151,52274,0.0028886253204269811
r/politics,training,2590,1,150,52274,0.0028694953514175306
r/politics,training,2610,1,149,52274,0.0028503653824080806
r/politics,training,2643,1,148,52274,0.0028312354133986301
r/politics,training,2644,1,147,52274,0.00281210544438918
r/politics,training,2667,1,146,52274,0.00279297547537973
r/politics,training,2678,1,145,52274,0.0027738455063702795
r/politics,training,2681,1,144,52274,0.0027547155373608295
r/politics,training,2691,1,143,52274,0.0027355855683513794
r/politics,training,2703,1,142,52274,0.0027164555993419289
r/politics,training,2709,1,141,52274,0.0026973256303324789
r/politics,training,2749,2,140,52274,0.0026781956613230289
r/politics,training,2765,1,138,52274,0.0026399357233041283
r/politics,training,2773,1,137,52274,0.0026208057542946779
r/politics,training,2785,1,136,52274,0.0026016757852852278
r/politics,training,2790,1,135,52274,0.0025825458162757778
r/politics,training,2794,1,134,52274,0.0025634158472663273
r/politics,training,2801,1,133,52274,0.0025442858782568772
r/politics,training,2822,1,132,52274,0.0025251559092474272
r/politics,training,2832,1,131,52274,0.0025060259402379767
r/politics,training,2834,1,130,52274,0.0024868959712285267
r/politics,training,2864,1,129,52274,0.0024677660022190762
r/politics,training,2871,1,128,52274,0.0024486360332096261
r/politics,training,2880,1,127,52274,0.0024295060642001761
r/politics,training,2888,1,126,52274,0.0024103760951907256
r/politics,training,2901,1,125,52274,0.0023912461261812756
r/politics,training,2904,1,124,52274,0.0023721161571718255
r/politics,training,2916,1,123,52274,0.0023529861881623751
r/politics,training,2932,1,122,52274,0.002333856219152925
r/politics,training,2965,1,121,52274,0.002314726250143475
r/politics,training,2973,1,120,52274,0.0022955962811340245
r/politics,training,2978,1,119,52274,0.0022764663121245744
r/politics,training,2985,1,118,52274,0.002257336343115124
r/politics,training,2991,1,117,52274,0.0022382063741056739
r/politics,training,3007,1,116,52274,0.0022190764050962239
r/politics,training,3013,1,115,52274,0.0021999464360867734
r/politics,training,3014,1,114,52274,0.0021808164670773234
r/politics,training,3020,1,113,52274,0.0021616864980678733
r/politics,training,3055,1,112,52274,0.0021425565290584228
r/politics,training,3067,1,111,52274,0.0021234265600489728
r/politics,training,3075,1,110,52274,0.0021042965910395223
r/politics,training,3097,1,109,52274,0.0020851666220300723
r/politics,training,3119,1,108,52274,0.0020660366530206222
r/politics,training,3151,1,107,52274,0.0020469066840111717
r/politics,training,3158,1,106,52274,0.0020277767150017217
r/politics,training,3169,1,105,52274,0.0020086467459922716
r/politics,training,3181,1,104,52274,0.0019895167769828212
r/politics,training,3192,1,103,52274,0.0019703868079733711
r/politics,training,3202,2,102,52274,0.0019512568389639209
r/politics,training,3235,1,100,52274,0.0019129969009450206
r/politics,training,3251,1,99,52274,0.0018938669319355703
r/politics,training,3260,1,98,52274,0.00187473696292612
r/politics,training,3291,2,97,52274,0.0018556069939166698
r/politics,training,3306,1,95,52274,0.0018173470558977695
r/politics,training,3310,1,94,52274,0.0017982170868883192
r/politics,training,3333,1,93,52274,0.0017790871178788689
r/politics,training,3346,1,92,52274,0.0017599571488694189
r/politics,training,3390,1,91,52274,0.0017408271798599686
r/politics,training,3401,1,90,52274,0.0017216972108505184
r/politics,training,3404,1,89,52274,0.0017025672418410683
r/politics,training,3411,1,88,52274,0.0016834372728316181
r/politics,training,3424,1,87,52274,0.0016643073038221678
r/politics,training,3427,1,86,52274,0.0016451773348127175
r/politics,training,3434,1,85,52274,0.0016260473658032675
r/politics,training,3443,1,84,52274,0.0016069173967938172
r/politics,training,3454,1,83,52274,0.001587787427784367
r/politics,training,3500,1,82,52274,0.0015686574587749167
r/politics,training,3508,1,81,52274,0.0015495274897654667
r/politics,training,3519,1,80,52274,0.0015303975207560164
r/politics,training,3559,1,79,52274,0.0015112675517465661
r/politics,training,3560,1,78,52274,0.0014921375827371159
r/politics,training,3648,1,77,52274,0.0014730076137276658
r/politics,training,3649,1,76,52274,0.0014538776447182156
r/politics,training,3702,1,75,52274,0.0014347476757087653
r/politics,training,3745,1,74,52274,0.001415617706699315
r/politics,training,3787,1,73,52274,0.001396487737689865
r/politics,training,3833,1,72,52274,0.0013773577686804147
r/politics,training,3842,1,71,52274,0.0013582277996709645
r/politics,training,3845,1,70,52274,0.0013390978306615144
r/politics,training,3848,1,69,52274,0.0013199678616520642
r/politics,training,3930,1,68,52274,0.0013008378926426139
r/politics,training,3932,1,67,52274,0.0012817079236331636
r/politics,training,3936,1,66,52274,0.0012625779546237136
r/politics,training,3942,1,65,52274,0.0012434479856142633
r/politics,training,3985,1,64,52274,0.0012243180166048131
r/politics,training,4038,1,63,52274,0.0012051880475953628
r/politics,training,4086,1,62,52274,0.0011860580785859128
r/politics,training,4170,1,61,52274,0.0011669281095764625
r/politics,training,4239,1,60,52274,0.0011477981405670122
r/politics,training,4252,1,59,52274,0.001128668171557562
r/politics,training,4264,1,58,52274,0.0011095382025481119
r/politics,training,4265,1,57,52274,0.0010904082335386617
r/politics,training,4318,1,56,52274,0.0010712782645292114
r/politics,training,4320,1,55,52274,0.0010521482955197612
r/politics,training,4355,1,54,52274,0.0010330183265103111
r/politics,training,4387,1,53,52274,0.0010138883575008608
r/politics,training,4394,1,52,52274,0.00099475838849141058
r/politics,training,4409,1,51,52274,0.00097562841948196043
r/politics,training,4418,1,50,52274,0.00095649845047251028
r/politics,training,4445,1,49,52274,0.00093736848146306001
r/politics,training,4468,1,48,52274,0.00091823851245360986
r/politics,training,4474,1,47,52274,0.0008991085434441596
r/politics,training,4552,1,46,52274,0.00087997857443470945
r/politics,training,4559,1,45,52274,0.00086084860542525918
r/politics,training,4573,1,44,52274,0.00084171863641580903
r/politics,training,4574,1,43,52274,0.00082258866740635877
r/politics,training,4614,1,42,52274,0.00080345869839690861
r/politics,training,4622,1,41,52274,0.00078432872938745835
r/politics,training,4632,1,40,52274,0.0007651987603780082
r/politics,training,4651,1,39,52274,0.00074606879136855794
r/politics,training,4699,1,38,52274,0.00072693882235910778
r/politics,training,4728,1,37,52274,0.00070780885334965752
r/politics,training,5137,1,36,52274,0.00068867888434020737
r/politics,training,5147,1,35,52274,0.00066954891533075721
r/politics,training,5204,1,34,52274,0.00065041894632130695
r/politics,training,5246,1,33,52274,0.0006312889773118568
r/politics,training,5264,1,32,52274,0.00061215900830240654
r/politics,training,5285,1,31,52274,0.00059302903929295638
r/politics,training,5308,1,30,52274,0.00057389907028350612
r/politics,training,5351,1,29,52274,0.00055476910127405597
r/politics,training,5596,1,28,52274,0.00053563913226460571
r/politics,training,5720,1,27,52274,0.00051650916325515555
r/politics,training,5799,1,26,52274,0.00049737919424570529
r/politics,training,5823,1,25,52274,0.00047824922523625514
r/politics,training,5847,1,24,52274,0.00045911925622680493
r/politics,training,5905,1,23,52274,0.00043998928721735472
r/politics,training,5926,1,22,52274,0.00042085931820790451
r/politics,training,6241,1,21,52274,0.00040172934919845431
r/politics,training,6267,1,20,52274,0.0003825993801890041
r/politics,training,6820,1,19,52274,0.00036346941117955389
r/politics,training,6923,1,18,52274,0.00034433944217010368
r/politics,training,7183,1,17,52274,0.00032520947316065348
r/politics,training,7357,1,16,52274,0.00030607950415120327
r/politics,training,7453,1,15,52274,0.00028694953514175306
r/politics,training,7746,1,14,52274,0.00026781956613230285
r/politics,training,8129,1,13,52274,0.00024868959712285265
r/politics,training,8381,1,12,52274,0.00022955962811340247
r/politics,training,8643,1,11,52274,0.00021042965910395226
r/politics,training,8683,1,10,52274,0.00019129969009450205
r/politics,training,9047,1,9,52274,0.00017216972108505184
r/politics,training,9511,1,8,52274,0.00015303975207560163
r/politics,training,10071,1,7,52274,0.00013390978306615143
r/politics,training,10888,1,6,52274,0.00011477981405670123
r/politics,training,11217,1,5,52274,9.5649845047251025e-05
r/politics,training,11224,1,4,52274,7.6519876037800817e-05
r/politics,training,11580,1,3,52274,5.7389907028350616e-05
r/politics,training,12298,1,2,52274,3.8259938018900409e-05
r/politics,training,15053,1,1,52274,1.9129969009450204e-05
r/politics,held_out,1,3876,13069,13069,1
r/politics,held_out,2,582,9193,13069,0.70342030759813301
r/politics,held_out,3,439,8611,13069,0.65888744356875051
r/politics,held_out,4,393,8172,13069,0.62529650317545338
r/politics,held_out,5,347,7779,13069,0.59522534241334457
r/politics,held_out,6,287,7432,13069,0.56867396128242409
r/politics,held_out,7,326,7145,13069,0.54671359706174916
r/politics,held_out,8,268,6819,13069,0.52176907184941468
r/politics,held_out,9,279,6551,13069,0.50126252965031759
r/politics,held_out,10,244,6272,13069,0.4799143010176754
r/politics,held_out,11,245,6028,13069,0.46124416558267656
r/politics,held_out,12,213,5783,13069,0.44249751319917363
r/politics,held_out,13,215,5570,13069,0.42619940316780169
r/politics,held_out,14,187,5355,13069,0.40974825923942154
r/politics,held_out,15,190,5168,13069,0.39543958986915601
r/politics,held_out,16,182,4978,13069,0.38090136965337823
r/politics,held_out,17,186,4796,13069,0.3669752850256332
r/politics,held_out,18,151,4610,13069,0.35274313260387175
r/politics,held_out,19,128,4459,13069,0.34118907337975363
r/politics,held_out,20,123,4331,13069,0.33139490397122962
r/politics,held_out,21,144,4208,13069,0.32198331930522611
r/politics,held_out,22,121,4064,13069,0.31096487872063661
r/politics,held_out,23,118,3943,13069,0.30170632795164126
r/politics,held_out,24,120,3825,13069,0.29267732802815821
r/politics,held_out,25,105,3705,13069,0.283495294207667
r/politics,held_out,26,95,3600,13069,0.27546101461473715
r/politics,held_out,27,89,3505,13069,0.26819190450684827
r/politics,held_out,28,77,3416,13069,0.26138189608998391
r/politics,held_out,29,88,3339,13069,0.25549009105516873
r/politics,held_out,30,100,3251,13069,0.24875659958680849
r/politics,held_out,31,74,3151,13069,0.24110490473639912
r/politics,held_out,32,80,3077,13069,0.23544265054709618
r/politics,held_out,33,77,2997,13069,0.22932129466676868
r/politics,held_out,34,77,2920,13069,0.22342948963195347
r/politics,held_out,35,80,2843,13069,0.21753768459713826
r/politics,held_out,36,65,2763,13069,0.21141632871681076
r/politics,held_out,37,61,2698,13069,0.20644272706404468
r/politics,held_out,38,66,2637,13069,0.20177519320529497
r/politics,held_out,39,44,2571,13069,0.1967250746040248
r/politics,held_out,40,49,2527,13069,0.19335832886984466
r/politics,held_out,41,58,2478,13069,0.18960899839314407
r/politics,held_out,42,45,2420,13069,0.18517101537990666
r/politics,held_out,43,63,2375,13069,0.18172775269722244
r/politics,held_out,44,44,2312,13069,0.17690718494146454
r/politics,held_out,45,45,2268,13069,0.1735404392072844
r/politics,held_out,46,42,2223,13069,0.17009717652460019
r/politics,held_out,47,45,2181,13069,0.16688346468742826
r/politics,held_out,48,39,2136,13069,0.16344020200474405
r/politics,held_out,49,53,2097,13069,0.16045604101308439
r/politics,held_out,50,47,2044,13069,0.15640064274236742
r/politics,held_out,51,32,1997,13069,0.15280434616267502
r/politics,held_out,52,34,1965,13069,0.15035580381054403
r/politics,held_out,53,38,1931,13069,0.14775422756140486
r/politics,held_out,54,40,1893,13069,0.14484658351824931
r/politics,held_out,55,32,1853,13069,0.14178590557808554
r/politics,held_out,56,34,1821,13069,0.13933736322595455
r/politics,held_out,57,29,1787,13069,0.13673578697681538
r/politics,held_out,58,27,1758,13069,0.13451679547019665
r/politics,held_out,59,27,1731,13069,0.13245083786058612
r/politics,held_out,60,17,1704,13069,0.13038488025097558
r/politics,held_out,61,26,1687,13069,0.12908409212640601
r/politics,held_out,62,19,1661,13069,0.12709465146529955
r/politics,held_out,63,22,1642,13069,0.12564082944372179
r/politics,held_out,64,35,1620,13069,0.12395745657663172
r/politics,held_out,65,34,1585,13069,0.12127936337898845
r/politics,held_out,66,25,1551,13069,0.11867778712984926
r/politics,held_out,67,24,1526,13069,0.11676486341724691
r/politics,held_out,68,19,1502,13069,0.11492845665314867
r/politics,held_out,69,21,1483,13069,0.1134746346315709
r/politics,held_out,70,24,1462,13069,0.11186777871298492
r/politics,held_out,71,15,1438,13069,0.11003137194888668
r/politics,held_out,72,16,1423,13069,0.10888361772132528
r/politics,held_out,73,19,1407,13069,0.10765934654525977
r/politics,held_out,74,16,1388,13069,0.106205524523682
r/politics,held_out,75,10,1372,13069,0.1049812533476165
r/politics,held_out,76,18,1362,13069,0.10421608386257555
r/politics,held_out,77,16,1344,13069,0.10283877878950187
r/politics,held_out,78,19,1328,13069,0.10161450761343638
r/politics,held_out,79,13,1309,13069,0.1001606855918586
r/politics,held_out,80,22,1296,13069,0.099165965261305375
r/politics,held_out,81,19,1274,13069,0.09748259239421532
r/politics,held_out,82,10,1255,13069,0.096028770372637545
r/politics,held_out,83,15,1245,13069,0.095263600887596597
r/politics,held_out,84,4,1230,13069,0.094115846660035196
r/politics,held_out,85,14,1226,13069,0.093809778866018823
r/politics,held_out,86,12,1212,13069,0.092738541586961515
r/politics,held_out,87,18,1200,13069,0.091820338204912394
r/politics,held_out,88,11,1182,13069,0.090443033131838699
r/politics,held_out,89,11,1171,13069,0.089601346698293671
r/politics,held_out,90,12,1160,13069,0.088759660264748644
r/politics,held_out,91,10,1148,13069,0.087841456882699523
r/politics,held_out,92,18,1138,13069,0.087076287397658575
r/politics,held_out,93,13,1120,13069,0.085698982324584894
r/politics,held_out,94,9,1107,13069,0.084704261994031679
r/politics,held_out,95,12,1098,13069,0.084015609457494839
r/politics,held_out,96,13,1086,13069,0.083097406075445718
r/politics,held_out,97,13,1073,13069,0.08210268574489249
r/politics,held_out,98,9,1060,13069,0.081107965414339275
r/politics,held_out,99,12,1051,13069,0.080419312877802435
r/politics,held_out,100,7,1039,13069,0.079501109495753314
r/politics,held_out,101,7,1032,13069,0.07896549085622466
r/politics,held_out,102,8,1025,13069,0.078429872216695992
r/politics,held_out,103,7,1017,13069,0.077817736628663245
r/politics,held_out,104,6,1010,13069,0.077282117989134591
r/politics,held_out,105,3,1004,13069,0.076823016298110031
r/politics,held_out,106,10,1001,13069,0.07659346545259775
r/politics,held_out,107,7,991,13069,0.075828295967556816
r/politics,held_out,108,11,984,13069,0.075292677328028162
r/politics,held_out,109,11,973,13069,0.074450990894483121
r/politics,held_out,110,6,962,13069,0.073609304460938094
r/politics,held_out,111,8,956,13069,0.073150202769913533
r/politics,held_out,112,3,948,13069,0.072538067181880786
r/politics,held_out,113,5,945,13069,0.072308516336368506
r/politics,held_out,114,5,940,13069,0.071925931593848039
r/politics,held_out,115,10,935,13069,0.071543346851327572
r/politics,held_out,116,6,925,13069,0.070778177366286638
r/politics,held_out,117,6,919,13069,0.070319075675262077
r/politics,held_out,118,2,913,13069,0.069859973984237503
r/politics,held_out,119,4,911,13069,0.069706940087229316
r/politics,held_out,120,13,907,13069,0.069400872293212942
r/politics,held_out,121,9,894,13069,0.068406151962659728
r/politics,held_out,122,1,885,13069,0.067717499426122887
r/politics,held_out,123,4,884,13069,0.067640982477618794
r/politics,held_out,124,8,880,13069,0.06733491468360242
r/politics,held_out,125,9,872,13069,0.066722779095569673
r/politics,held_out,126,6,863,13069,0.066034126559032832
r/politics,held_out,127,8,857,13069,0.065575024868008258
r/politics,held_out,128,4,849,13069,0.064962889279975511
r/politics,held_out,129,6,845,13069,0.064656821485959137
r/politics,held_out,130,6,839,13069,0.064197719794934577
r/politics,held_out,131,4,833,13069,0.063738618103910016
r/politics,held_out,132,11,829,13069,0.063432550309893643
r/politics,held_out,133,5,818,13069,0.062590863876348615
r/politics,held_out,134,6,813,13069,0.062208279133828141
r/politics,held_out,135,5,807,13069,0.061749177442803581
r/politics,held_out,136,3,802,13069,0.061366592700283114
r/politics,held_out,137,9,799,13069,0.061137041854770834
r/politics,held_out,138,3,790,13069,0.060448389318233986
r/politics,held_out,139,6,787,13069,0.060218838472721706
r/politics,held_out,140,3,781,13069,0.059759736781697145
r/politics,held_out,141,4,778,13069,0.059530185936184865
r/politics,held_out,142,1,774,13069,0.059224118142168491
r/politics,held_out,143,5,773,13069,0.059147601193664398
r/politics,held_out,144,4,768,13069,0.058765016451143931
r/politics,held_out,145,4,764,13069,0.05845894865712755
r/politics,held_out,146,3,760,13069,0.058152880863111177
r/politics,held_out,147,4,757,13069,0.057923330017598897
r/politics,held_out,148,3,753,13069,0.057617262223582523
r/politics,held_out,149,8,750,13069,0.057387711378070243
r/politics,held_out,150,3,742,13069,0.056775575790037495
r/politics,held_out,151,6,739,13069,0.056546024944525215
r/politics,held_out,152,4,733,13069,0.056086923253500648
r/politics,held_out,153,7,729,13069,0.055780855459484274
r/politics,held_out,154,1,722,13069,0.05524523681995562
r/politics,held_out,155,2,721,13069,0.055168719871451527
r/politics,held_out,156,1,719,13069,0.05501568597444334
r/politics,held_out,157,5,718,13069,0.054939169025939247
r/politics,held_out,158,2,713,13069,0.05455658428341878
r/politics,held_out,159,2,711,13069,0.054403550386410593
r/politics,held_out,161,8,709,13069,0.054250516489402399
r/politics,held_out,162,3,701,13069,0.053638380901369652
r/politics,held_out,163,1,698,13069,0.053408830055857372
r/politics,held_out,164,1,697,13069,0.053332313107353278
r/politics,held_out,165,4,696,13069,0.053255796158849185
r/politics,held_out,166,2,692,13069,0.052949728364832811
r/politics,held_out,167,1,690,13069,0.052796694467824624
r/politics,held_out,168,3,689,13069,0.052720177519320531
r/politics,held_out,169,1,686,13069,0.052490626673808251
r/politics,held_out,170,4,685,13069,0.052414109725304157
r/politics,held_out,171,5,681,13069,0.052108041931287777
r/politics,held_out,172,3,676,13069,0.05172545718876731
r/politics,held_out,173,8,673,13069,0.05149590634325503
r/politics,held_out,174,3,665,13069,0.050883770755222282
r/politics,held_out,175,4,662,13069,0.050654219909710002
r/politics,held_out,176,5,658,13069,0.050348152115693628
r/politics,held_out,177,1,653,13069,0.049965567373173154
r/politics,held_out,178,2,652,13069,0.049889050424669061
r/politics,held_out,179,4,650,13069,0.049736016527660874
r/politics,held_out,180,4,646,13069,0.049429948733644501
r/politics,held_out,181,3,642,13069,0.049123880939628127
r/politics,held_out,182,2,639,13069,0.048894330094115847
r/politics,held_out,183,1,637,13069,0.04874129619710766
r/politics,held_out,184,4,636,13069,0.048664779248603567
r/politics,held_out,185,1,632,13069,0.048358711454587193
r/politics,held_out,186,1,631,13069,0.0482821945060831
r/politics,held_out,187,2,630,13069,0.048205677557579006
r/politics,held_out,188,3,628,13069,0.048052643660570819
r/politics,held_out,189,4,625,13069,0.047823092815058532
r/politics,held_out,190,2,621,13069,0.047517025021042159
r/politics,held_out,192,2,619,13069,0.047363991124033972
r/politics,held_out,193,2,617,13069,0.047210957227025785
r/politics,held_out,194,4,615,13069,0.047057923330017598
r/politics,held_out,195,1,611,13069,0.046751855536001224
r/politics,held_out,196,2,610,13069,0.046675338587497131
r/politics,held_out,197,1,608,13069,0.046522304690488944
r/politics,held_out,198,5,607,13069,0.046445787741984851
r/politics,held_out,199,2,602,13069,0.046063202999464384
r/politics,held_out,200,2,600,13069,0.045910169102456197
r/politics,held_out,201,3,598,13069,0.04575713520544801
r/politics,held_out,202,6,595,13069,0.045527584359935723
r/politics,held_out,203,3,589,13069,0.045068482668911163
r/politics,held_out,205,1,586,13069,0.044838931823398882
r/politics,held_out,206,2,585,13069,0.044762414874894789
r/politics,held_out,208,1,583,13069,0.044609380977886602
r/politics,held_out,209,2,582,13069,0.044532864029382509
r/politics,held_out,210,1,580,13069,0.044379830132374322
r/politics,held_out,211,1,579,13069,0.044303313183870228
r/politics,held_out,212,5,578,13069,0.044226796235366135
r/politics,held_out,214,1,573,13069,0.043844211492845668
r/politics,held_out,215,3,572,13069,0.043767694544341575
r/politics,held_out,216,3,569,13069,0.043538143698829287
r/politics,held_out,217,3,566,13069,0.043308592853317007
r/politics,held_out,218,1,563,13069,0.043079042007804727
r/politics,held_out,219,3,562,13069,0.043002525059300634
r/politics,held_out,220,2,559,13069,0.042772974213788353
r/politics,held_out,221,5,557,13069,0.042619940316780167
r/politics,held_out,222,1,552,13069,0.0422373555742597
r/politics,held_out,223,3,551,13069,0.042160838625755606
r/politics,held_out,224,1,548,13069,0.041931287780243326
r/politics,held_out,225,2,547,13069,0.041854770831739233
r/politics,held_out,226,1,545,13069,0.041701736934731046
r/politics,held_out,228,2,544,13069,0.041625219986226952
r/politics,held_out,229,1,542,13069,0.041472186089218759
r/politics,held_out,230,5,541,13069,0.041395669140714665
r/politics,held_out,231,2,536,13069,0.041013084398194198
r/politics,held_out,232,3,534,13069,0.040860050501186011
r/politics,held_out,233,4,531,13069,0.040630499655673731
r/politics,held_out,234,2,527,13069,0.040324431861657357
r/politics,held_out,235,3,525,13069,0.040171397964649171
r/politics,held_out,236,6,522,13069,0.03994184711913689
r/politics,held_out,237,2,516,13069,0.03948274542811233
r/politics,held_out,241,1,514,13069,0.039329711531104136
r/politics,held_out,242,5,513,13069,0.039253194582600043
r/politics,held_out,243,1,508,13069,0.038870609840079576
r/politics,held_out,244,3,507,13069,0.038794092891575482
r/politics,held_out,245,3,504,13069,0.038564542046063202
r/politics,held_out,246,2,501,13069,0.038334991200550922
r/politics,held_out,247,2,499,13069,0.038181957303542735
r/politics,held_out,248,1,497,13069,0.038028923406534548
r/politics,held_out,249,3,496,13069,0.037952406458030455
r/politics,held_out,250,1,493,13069,0.037722855612518175
r/politics,held_out,251,2,492,13069,0.037646338664014081
r/politics,held_out,253,1,490,13069,0.037493304767005894
r/politics,held_out,255,1,489,13069,0.037416787818501801
r/politics,held_out,256,1,488,13069,0.037340270869997708
r/politics,held_out,257,2,487,13069,0.037263753921493614
r/politics,held_out,260,1,485,13069,0.03711072002448542
r/politics,held_out,261,3,484,13069,0.037034203075981327
r/politics,held_out,262,1,481,13069,0.036804652230469047
r/politics,held_out,263,2,480,13069,0.036728135281964953
r/politics,held_out,266,1,478,13069,0.036575101384956767
r/politics,held_out,268,1,477,13069,0.036498584436452673
r/politics,held_out,271,1,476,13069,0.03642206748794858
r/politics,held_out,272,3,475,13069,0.036345550539444486
r/politics,held_out,273,2,472,13069,0.036115999693932206
r/politics,held_out,274,1,470,13069,0.035962965796924019
r/politics,held_out,275,1,469,13069,0.035886448848419926
r/politics,held_out,276,1,468,13069,0.035809931899915833
r/politics,held_out,277,1,467,13069,0.035733414951411739
r/politics,held_out,278,2,466,13069,0.035656898002907646
r/politics,held_out,279,4,464,13069,0.035503864105899459
r/politics,held_out,280,1,460,13069,0.035197796311883085
r/politics,held_out,282,3,459,13069,0.035121279363378992
r/politics,held_out,284,1,456,13069,0.034891728517866705
r/politics,held_out,286,1,455,13069,0.034815211569362611
r/politics,held_out,287,2,454,13069,0.034738694620858518
r/politics,held_out,290,1,452,13069,0.034585660723850331
r/politics,held_out,291,1,451,13069,0.034509143775346238
r/politics,held_out,292,2,450,13069,0.034432626826842144
r/politics,held_out,293,1,448,13069,0.034279592929833957
r/politics,held_out,294,2,447,13069,0.034203075981329864
r/politics,held_out,295,1,445,13069,0.034050042084321677
r/politics,held_out,297,2,444,13069,0.033973525135817584
r/politics,held_out,298,3,442,13069,0.033820491238809397
r/politics,held_out,300,1,439,13069,0.033590940393297117
r/politics,held_out,301,1,438,13069,0.033514423444793023
r/politics,held_out,302,1,437,13069,0.03343790649628893
r/politics,held_out,303,2,436,13069,0.033361389547784837
r/politics,held_out,304,2,434,13069,0.03320835565077665
r/politics,held_out,307,1,432,13069,0.033055321753768463
r/politics,held_out,308,2,431,13069,0.03297880480526437
r/politics,held_out,309,1,429,13069,0.032825770908256176
r/politics,held_out,310,1,428,13069,0.032749253959752082
r/politics,held_out,311,3,427,13069,0.032672737011247989
r/politics,held_out,314,1,424,13069,0.032443186165735709
r/politics,held_out,316,2,423,13069,0.032366669217231615
r/politics,held_out,317,1,421,13069,0.032213635320223429
r/politics,held_out,319,2,420,13069,0.032137118371719335
r/politics,held_out,320,2,418,13069,0.031984084474711148
r/politics,held_out,321,4,416,13069,0.031831050577702961
r/politics,held_out,323,1,412,13069,0.031524982783686588
r/politics,held_out,324,2,411,13069,0.031448465835182494
r/politics,held_out,325,1,409,13069,0.031295431938174308
r/politics,held_out,327,1,408,13069,0.031218914989670211
r/politics,held_out,328,2,407,13069,0.031142398041166117
r/politics,held_out,331,1,405,13069,0.030989364144157931
r/politics,held_out,332,1,404,13069,0.030912847195653837
r/politics,held_out,333,2,403,13069,0.030836330247149744
r/politics,held_out,334,1,401,13069,0.030683296350141557
r/politics,held_out,336,1,400,13069,0.030606779401637463
r/politics,held_out,337,2,399,13069,0.03053026245313337
r/politics,held_out,338,1,397,13069,0.030377228556125183
r/politics,held_out,340,2,396,13069,0.030300711607621086
r/politics,held_out,341,1,394,13069,0.0301476777106129
r/politics,held_out,342,1,393,13069,0.030071160762108806
r/politics,held_out,343,2,392,13069,0.029994643813604713
r/politics,held_out,346,1,390,13069,0.029841609916596526
r/politics,held_out,347,2,389,13069,0.029765092968092433
r/politics,held_out,348,2,387,13069,0.029612059071084246
r/politics,held_out,350,1,385,13069,0.029459025174076059
r/politics,held_out,352,3,384,13069,0.029382508225571966
r/politics,held_out,353,1,381,13069,0.029152957380059682
r/politics,held_out,354,1,380,13069,0.029076440431555588
r/politics,held_out,357,1,379,13069,0.028999923483051495
r/politics,held_out,359,1,378,13069,0.028923406534547402
r/politics,held_out,361,3,377,13069,0.028846889586043308
r/politics,held_out,362,2,374,13069,0.028617338740531028
r/politics,held_out,364,2,372,13069,0.028464304843522841
r/politics,held_out,366,1,370,13069,0.028311270946514654
r/politics,held_out,367,3,369,13069,0.028234753998010561
r/politics,held_out,368,1,366,13069,0.028005203152498277
r/politics,held_out,369,3,365,13069,0.027928686203994184
r/politics,held_out,370,1,362,13069,0.027699135358481904
r/politics,held_out,371,1,361,13069,0.02762261840997781
r/politics,held_out,373,1,360,13069,0.027546101461473717
r/politics,held_out,376,1,359,13069,0.027469584512969623
r/politics,held_out,377,2,358,13069,0.02739306756446553
r/politics,held_out,379,2,356,13069,0.027240033667457343
r/politics,held_out,380,2,354,13069,0.027086999770449153
r/politics,held_out,381,1,352,13069,0.026933965873440966
r/politics,held_out,382,4,351,13069,0.026857448924936873
r/politics,held_out,383,1,347,13069,0.026551381130920499
r/politics,held_out,389,1,346,13069,0.026474864182416406
r/politics,held_out,390,1,345,13069,0.026398347233912312
r/politics,held_out,391,2,344,13069,0.026321830285408219
r/politics,held_out,392,1,342,13069,0.026168796388400032
r/politics,held_out,393,1,341,13069,0.026092279439895939
r/politics,held_out,394,1,340,13069,0.026015762491391842
r/politics,held_out,397,2,339,13069,0.025939245542887748
r/politics,held_out,398,1,337,13069,0.025786211645879561
r/politics,held_out,407,1,336,13069,0.025709694697375468
r/politics,held_out,408,1,335,13069,0.025633177748871375
r/politics,held_out,410,2,334,13069,0.025556660800367281
r/politics,held_out,412,1,332,13069,0.025403626903359094
r/politics,held_out,415,1,331,13069,0.025327109954855001
r/politics,held_out,422,1,330,13069,0.025250593006350908
r/politics,held_out,423,1,329,13069,0.025174076057846814
r/politics,held_out,424,3,328,13069,0.025097559109342721
r/politics,held_out,425,2,325,13069,0.024868008263830437
r/politics,held_out,426,1,323,13069,0.02471497436682225
r/politics,held_out,427,1,322,13069,0.024638457418318157
r/politics,held_out,428,1,321,13069,0.024561940469814064
r/politics,held_out,429,1,320,13069,0.02448542352130997
r/politics,held_out,431,1,319,13069,0.024408906572805877
r/politics,held_out,433,1,318,13069,0.024332389624301783
r/politics,held_out,435,2,317,13069,0.02425587267579769
r/politics,held_out,436,2,315,13069,0.024102838778789503
r/politics,held_out,437,3,313,13069,0.023949804881781316
r/politics,held_out,440,1,310,13069,0.023720254036269033
r/politics,held_out,443,3,309,13069,0.023643737087764939
r/politics,held_out,444,1,306,13069,0.023414186242252659
r/politics,held_out,445,1,305,13069,0.023337669293748566
r/politics,held_out,447,1,304,13069,0.023261152345244472
r/politics,held_out,449,1,303,13069,0.023184635396740379
r/politics,held_out,451,2,302,13069,0.023108118448236285
r/politics,held_out,453,1,300,13069,0.022955084551228098
r/politics,held_out,455,1,299,13069,0.022878567602724005
r/politics,held_out,456,1,298,13069,0.022802050654219908
r/politics,held_out,458,3,297,13069,0.022725533705715815
r/politics,held_out,459,2,294,13069,0.022495982860203535
r/politics,held_out,460,1,292,13069,0.022342948963195348
r/politics,held_out,462,1,291,13069,0.022266432014691254
r/politics,held_out,464,1,290,13069,0.022189915066187161
r/politics,held_out,465,1,289,13069,0.022113398117683068
r/politics,held_out,469,2,288,13069,0.022036881169178974
r/politics,held_out,473,1,286,13069,0.021883847272170787
r/politics,held_out,475,2,285,13069,0.02180733032366669
r/politics,held_out,476,1,283,13069,0.021654296426658504
r/politics,held_out,477,1,282,13069,0.02157777947815441
r/politics,held_out,478,3,281,13069,0.021501262529650317
r/politics,held_out,483,1,278,13069,0.021271711684138037
r/politics,held_out,487,1,277,13069,0.021195194735633943
r/politics,held_out,489,1,276,13069,0.02111867778712985
r/politics,held_out,494,1,275,13069,0.021042160838625756
r/politics,held_out,495,1,274,13069,0.020965643890121663
r/politics,held_out,497,1,273,13069,0.02088912694161757
r/politics,held_out,501,1,272,13069,0.020812609993113476
r/politics,held_out,505,1,271,13069,0.020736093044609379
r/politics,held_out,506,1,270,13069,0.020659576096105286
r/politics,held_out,508,2,269,13069,0.020583059147601192
r/politics,held_out,509,1,267,13069,0.020430025250593006
r/politics,held_out,511,2,266,13069,0.020353508302088912
r/politics,held_out,513,1,264,13069,0.020200474405080725
r/politics,held_out,514,1,263,13069,0.020123957456576632
r/politics,held_out,517,1,262,13069,0.020047440508072539
r/politics,held_out,523,1,261,13069,0.019970923559568445
r/politics,held_out,525,2,260,13069,0.019894406611064352
r/politics,held_out,526,1,258,13069,0.019741372714056165
r/politics,held_out,527,1,257,13069,0.019664855765552068
r/politics,held_out,529,1,256,13069,0.019588338817047975
r/politics,held_out,534,1,255,13069,0.019511821868543881
r/politics,held_out,536,2,254,13069,0.019435304920039788
r/politics,held_out,538,1,252,13069,0.019282271023031601
r/politics,held_out,540,1,251,13069,0.019205754074527508
r/politics,held_out,543,1,250,13069,0.019129237126023414
r/politics,held_out,544,2,249,13069,0.019052720177519321
r/politics,held_out,546,1,247,13069,0.018899686280511134
r/politics,held_out,547,3,246,13069,0.018823169332007041
r/politics,held_out,553,1,243,13069,0.018593618486494757
r/politics,held_out,554,2,242,13069,0.018517101537990664
r/politics,held_out,561,2,240,13069,0.018364067640982477
r/politics,held_out,562,2,238,13069,0.01821103374397429
r/politics,held_out,568,1,236,13069,0.018057999846966103
r/politics,held_out,569,1,235,13069,0.01798148289846201
r/politics,held_out,570,1,234,13069,0.017904965949957916
r/politics,held_out,572,2,233,13069,0.017828449001453823
r/politics,held_out,573,1,231,13069,0.017675415104445636
r/politics,held_out,581,2,230,13069,0.017598898155941543
r/politics,held_out,584,1,228,13069,0.017445864258933352
r/politics,held_out,586,1,227,13069,0.017369347310429259
r/politics,held_out,588,1,226,13069,0.017292830361925166
r/politics,held_out,591,1,225,13069,0.017216313413421072
r/politics,held_out,597,1,224,13069,0.017139796464916979
r/politics,held_out,603,1,223,13069,0.017063279516412885
r/politics,held_out,605,2,222,13069,0.016986762567908792
r/politics,held_out,608,1,220,13069,0.016833728670900605
r/politics,held_out,611,1,219,13069,0.016757211722396512
r/politics,held_out,612,1,218,13069,0.016680694773892418
r/politics,held_out,614,1,217,13069,0.016604177825388325
r/politics,held_out,629,1,216,13069,0.016527660876884231
r/politics,held_out,631,2,215,13069,0.016451143928380135
r/politics,held_out,634,1,213,13069,0.016298110031371948
r/politics,held_out,638,1,212,13069,0.016221593082867854
r/politics,held_out,641,2,211,13069,0.016145076134363761
r/politics,held_out,642,1,209,13069,0.015992042237355574
r/politics,held_out,644,1,208,13069,0.015915525288851481
r/politics,held_out,647,1,207,13069,0.015839008340347387
r/politics,held_out,648,1,206,13069,0.015762491391843294
r/politics,held_out,649,1,205,13069,0.015685974443339201
r/politics,held_out,652,2,204,13069,0.015609457494835105
r/politics,held_out,657,1,202,13069,0.015456423597826919
r/politics,held_out,660,1,201,13069,0.015379906649322825
r/politics,held_out,666,1,200,13069,0.015303389700818732
r/politics,held_out,668,1,199,13069,0.015226872752314638
r/politics,held_out,671,2,198,13069,0.015150355803810543
r/politics,held_out,681,1,196,13069,0.014997321906802356
r/politics,held_out,687,1,195,13069,0.014920804958298263
r/politics,held_out,691,1,194,13069,0.01484428800979417
r/politics,held_out,693,1,193,13069,0.014767771061290076
r/politics,held_out,694,1,192,13069,0.014691254112785983
r/politics,held_out,698,1,191,13069,0.014614737164281888
r/politics,held_out,700,1,190,13069,0.014538220215777794
r/politics,held_out,705,1,189,13069,0.014461703267273701
r/politics,held_out,706,1,188,13069,0.014385186318769607
r/politics,held_out,713,1,187,13069,0.014308669370265514
r/politics,held_out,720,1,186,13069,0.014232152421761421
r/politics,held_out,721,1,185,13069,0.014155635473257327
r/politics,held_out,733,1,184,13069,0.014079118524753232
r/politics,held_out,734,1,183,13069,0.014002601576249139
r/politics,held_out,738,2,182,13069,0.013926084627745045
r/politics,held_out,744,1,180,13069,0.013773050730736858
r/politics,held_out,748,1,179,13069,0.013696533782232765
r/politics,held_out,752,1,178,13069,0.013620016833728672
r/politics,held_out,758,2,177,13069,0.013543499885224576
r/politics,held_out,759,1,175,13069,0.01339046598821639
r/politics,held_out,766,2,174,13069,0.013313949039712296
r/politics,held_out,768,2,172,13069,0.013160915142704109
r/politics,held_out,783,1,170,13069,0.013007881245695921
r/politics,held_out,784,1,169,13069,0.012931364297191827
r/politics,held_out,785,1,168,13069,0.012854847348687734
r/politics,held_out,795,1,167,13069,0.012778330400183641
r/politics,held_out,797,1,166,13069,0.012701813451679547
r/politics,held_out,800,1,165,13069,0.012625296503175454
r/politics,held_out,802,1,164,13069,0.01254877955467136
r/politics,held_out,806,1,163,13069,0.012472262606167265
r/politics,held_out,810,1,162,13069,0.012395745657663172
r/politics,held_out,822,1,161,13069,0.012319228709159078
r/politics,held_out,834,1,160,13069,0.012242711760654985
r/politics,held_out,837,1,159,13069,0.012166194812150892
r/politics,held_out,840,1,158,13069,0.012089677863646798
r/politics,held_out,844,2,157,13069,0.012013160915142705
r/politics,held_out,858,1,155,13069,0.011860127018134516
r/politics,held_out,861,1,154,13069,0.011783610069630423
r/politics,held_out,862,1,153,13069,0.011707093121126329
r/politics,held_out,867,1,152,13069,0.011630576172622236
r/politics,held_out,884,1,151,13069,0.011554059224118143
r/politics,held_out,899,1,150,13069,0.011477542275614049
r/politics,held_out,906,1,149,13069,0.011401025327109954
r/politics,held_out,909,1,148,13069,0.011324508378605861
r/politics,held_out,911,2,147,13069,0.011247991430101767
r/politics,held_out,916,1,145,13069,0.01109495753309358
r/politics,held_out,929,2,144,13069,0.011018440584589487
r/politics,held_out,931,1,142,13069,0.010865406687581299
r/politics,held_out,953,1,141,13069,0.010788889739077205
r/politics,held_out,979,1,140,13069,0.010712372790573112
r/politics,held_out,994,1,139,13069,0.010635855842069018
r/politics,held_out,1004,1,138,13069,0.010559338893564925
r/politics,held_out,1010,1,137,13069,0.010482821945060831
r/politics,held_out,1024,1,136,13069,0.010406304996556738
r/politics,held_out,1025,1,135,13069,0.010329788048052643
r/politics,held_out,1043,1,134,13069,0.01025327109954855
r/politics,held_out,1049,1,133,13069,0.010176754151044456
r/politics,held_out,1062,1,132,13069,0.010100237202540363
r/politics,held_out,1067,1,131,13069,0.010023720254036269
r/politics,held_out,1083,1,130,13069,0.0099472033055321759
r/politics,held_out,1093,1,129,13069,0.0098706863570280825
r/politics,held_out,1096,1,128,13069,0.0097941694085239873
r/politics,held_out,1102,2,127,13069,0.0097176524600198939
r/politics,held_out,1108,1,125,13069,0.0095646185630117071
r/politics,held_out,1116,1,124,13069,0.0094881016145076137
r/politics,held_out,1117,1,123,13069,0.0094115846660035203
r/politics,held_out,1126,1,122,13069,0.0093350677174994269
r/politics,held_out,1130,1,121,13069,0.0092585507689953318
r/politics,held_out,1131,1,120,13069,0.0091820338204912384
r/politics,held_out,1161,1,119,13069,0.0091055168719871449
r/politics,held_out,1164,1,118,13069,0.0090289999234830515
r/politics,held_out,1170,1,117,13069,0.0089524829749789581
r/politics,held_out,1182,1,116,13069,0.0088759660264748647
r/politics,held_out,1186,1,115,13069,0.0087994490779707713
r/politics,held_out,1191,1,114,13069,0.0087229321294666762
r/politics,held_out,1218,1,113,13069,0.0086464151809625828
r/politics,held_out,1243,1,112,13069,0.0085698982324584894
r/politics,held_out,1258,1,111,13069,0.008493381283954396
r/politics,held_out,1267,1,110,13069,0.0084168643354503025
r/politics,held_out,1277,1,109,13069,0.0083403473869462091
r/politics,held_out,1288,1,108,13069,0.0082638304384421157
r/politics,held_out,1290,1,107,13069,0.0081873134899380206
r/politics,held_out,1316,1,106,13069,0.0081107965414339272
r/politics,held_out,1324,1,105,13069,0.0080342795929298338
r/politics,held_out,1332,1,104,13069,0.0079577626444257404
r/politics,held_out,1335,1,103,13069,0.007881245695921647
r/politics,held_out,1341,1,102,13069,0.0078047287474175527
r/politics,held_out,1369,1,101,13069,0.0077282117989134593
r/politics,held_out,1397,1,100,13069,0.0076516948504093659
r/politics,held_out,1411,1,99,13069,0.0075751779019052716
r/politics,held_out,1427,1,98,13069,0.0074986609534011782
r/politics,held_out,1431,1,97,13069,0.0074221440048970848
r/politics,held_out,1447,1,96,13069,0.0073456270563929914
r/politics,held_out,1454,1,95,13069,0.0072691101078888971
r/politics,held_out,1478,1,94,13069,0.0071925931593848037
r/politics,held_out,1481,1,93,13069,0.0071160762108807103
r/politics,held_out,1485,1,92,13069,0.007039559262376616
r/politics,held_out,1510,2,91,13069,0.0069630423138725226
r/politics,held_out,1511,1,89,13069,0.0068100084168643358
r/politics,held_out,1532,1,88,13069,0.0067334914683602415
r/politics,held_out,1541,1,87,13069,0.0066569745198561481
r/politics,held_out,1544,1,86,13069,0.0065804575713520547
r/politics,held_out,1547,1,85,13069,0.0065039406228479604
r/politics,held_out,1558,1,84,13069,0.006427423674343867
r/politics,held_out,1568,1,83,13069,0.0063509067258397736
r/politics,held_out,1571,1,82,13069,0.0062743897773356802
r/politics,held_out,1576,1,81,13069,0.0061978728288315859
r/politics,held_out,1592,1,80,13069,0.0061213558803274925
r/politics,held_out,1594,1,79,13069,0.0060448389318233991
r/politics,held_out,1611,1,78,13069,0.0059683219833193048
r/politics,held_out,1625,1,77,13069,0.0058918050348152114
r/politics,held_out,1632,1,76,13069,0.005815288086311118
r/politics,held_out,1649,1,75,13069,0.0057387711378070246
r/politics,held_out,1654,1,74,13069,0.0056622541893029303
r/politics,held_out,1657,1,73,13069,0.0055857372407988369
r/politics,held_out,1668,1,72,13069,0.0055092202922947435
r/politics,held_out,1685,1,71,13069,0.0054327033437906493
r/politics,held_out,1697,1,70,13069,0.0053561863952865559
r/politics,held_out,1705,1,69,13069,0.0052796694467824624
r/politics,held_out,1711,1,68,13069,0.005203152498278369
r/politics,held_out,1712,1,67,13069,0.0051266355497742748
r/politics,held_out,1719,1,66,13069,0.0050501186012701814
r/politics,held_out,1721,1,65,13069,0.0049736016527660879
r/politics,held_out,1722,1,64,13069,0.0048970847042619937
r/politics,held_out,1726,1,63,13069,0.0048205677557579003
r/politics,held_out,1750,1,62,13069,0.0047440508072538069
r/politics,held_out,1751,1,61,13069,0.0046675338587497135
r/politics,held_out,1779,1,60,13069,0.0045910169102456192
r/politics,held_out,1782,1,59,13069,0.0045144999617415258
r/politics,held_out,1786,1,58,13069,0.0044379830132374324
r/politics,held_out,1818,1,57,13069,0.0043614660647333381
r/politics,held_out,1824,1,56,13069,0.0042849491162292447
r/politics,held_out,1827,1,55,13069,0.0042084321677251513
r/politics,held_out,1837,1,54,13069,0.0041319152192210579
r/politics,held_out,1838,1,53,13069,0.0040553982707169636
r/politics,held_out,1909,1,52,13069,0.0039788813222128702
r/politics,held_out,1915,1,51,13069,0.0039023643737087763
r/politics,held_out,1937,1,50,13069,0.0038258474252046829
r/politics,held_out,1945,1,49,13069,0.0037493304767005891
r/politics,held_out,1976,1,48,13069,0.0036728135281964957
r/politics,held_out,2074,1,47,13069,0.0035962965796924018
r/politics,held_out,2107,1,46,13069,0.003519779631188308
r/politics,held_out,2139,1,45,13069,0.0034432626826842146
r/politics,held_out,2149,1,44,13069,0.0033667457341801208
r/politics,held_out,2164,1,43,13069,0.0032902287856760274
r/politics,held_out,2194,1,42,13069,0.0032137118371719335
r/politics,held_out,2198,1,41,13069,0.0031371948886678401
r/politics,held_out,2218,1,40,13069,0.0030606779401637463
r/politics,held_out,2237,1,39,13069,0.0029841609916596524
r/politics,held_out,2249,1,38,13069,0.002907644043155559
r/politics,held_out,2255,1,37,13069,0.0028311270946514652
r/politics,held_out,2290,1,36,13069,0.0027546101461473718
r/politics,held_out,2306,1,35,13069,0.0026780931976432779
r/politics,held_out,2323,1,34,13069,0.0026015762491391845
r/politics,held_out,2363,1,33,13069,0.0025250593006350907
r/politics,held_out,2394,1,32,13069,0.0024485423521309968
r/politics,held_out,2455,1,31,13069,0.0023720254036269034
r/politics,held_out,2502,1,30,13069,0.0022955084551228096
r/politics,held_out,2519,1,29,13069,0.0022189915066187162
r/politics,held_out,2565,1,28,13069,0.0021424745581146223
r/politics,held_out,2916,1,27,13069,0.0020659576096105289
r/politics,held_out,2931,1,26,13069,0.0019894406611064351
r/politics,held_out,2968,1,25,13069,0.0019129237126023415
r/politics,held_out,3091,1,24,13069,0.0018364067640982478
r/politics,held_out,3094,1,23,13069,0.001759889815594154
r/politics,held_out,3112,1,22,13069,0.0016833728670900604
r/politics,held_out,3145,1,21,13069,0.0016068559185859668
r/politics,held_out,3149,1,20,13069,0.0015303389700818731
r/politics,held_out,3152,1,19,13069,0.0014538220215777795
r/politics,held_out,3192,1,18,13069,0.0013773050730736859
r/politics,held_out,3310,1,17,13069,0.0013007881245695923
r/politics,held_out,3313,1,16,13069,0.0012242711760654984
r/politics,held_out,3404,1,15,13069,0.0011477542275614048
r/politics,held_out,3454,1,14,13069,0.0010712372790573112
r/politics,held_out,3509,1,13,13069,0.00099472033055321755
r/politics,held_out,3565,1,12,13069,0.00091820338204912392
r/politics,held_out,3673,1,11,13069,0.00084168643354503019
r/politics,held_out,3695,1,10,13069,0.00076516948504093657
r/politics,held_out,3757,1,9,13069,0.00068865253653684294
r/politics,held_out,3982,1,8,13069,0.00061213558803274921
r/politics,held_out,4164,1,7,13069,0.00053561863952865559
r/politics,held_out,4205,1,6,13069,0.00045910169102456196
r/politics,held_out,4360,1,5,13069,0.00038258474252046828
r/politics,held_out,4477,1,4,13069,0.0003060677940163746
r/politics,held_out,4850,1,3,13069,0.00022955084551228098
r/politics,held_out,4931,1,2,13069,0.0001530338970081873
r/politics,held_out,5250,1,1,13069,7.6516948504093651e-05
